ENTIDAD_FEDERATIVA,Depresion_Sem,Depresion_M,Depresion_F,Parkinson_Sem,Parkinson_M,Parkinson_F,Alzheimer_Sem,Alzheimer_M,Alzheimer_F,ANIO,SEMANA
Aguascalientes,1,1,,,,,,,,2014,2
Baja California,2,1,1.0,1.0,1.0,,,,,2014,2
Campeche,2,1,1.0,,,,,,,2014,2
Coahuila,6,2,4.0,,,,,,,2014,2
Guerrero,4,2,2.0,,,,,,,2014,2
Jalisco,2,1,1.0,,,,,,,2014,2
México,3,1,2.0,,,,,,,2014,2
Michoacán,6,2,4.0,,,,,,,2014,2
Morelos,19,4,15.0,,,,,,,2014,2
Sonora,10,2,8.0,,,,,,,2014,2
Veracruz,16,7,9.0,1.0,1.0,,,,,2014,2
Yucatán,19,5,14.0,4.0,1.0,3.0,2.0,2.0,,2014,2
TOTAL,131,29,102.0,11.0,5.0,6.0,4.0,2.0,2.0,2014,2
Aguascalientes,2,2,1.0,,,,,,,2014,3
Baja California,50,10,42.0,6.0,2.0,5.0,6.0,1.0,5.0,2014,3
Baja California Sur,2,1,1.0,,,,,,,2014,3
Campeche,11,2,11.0,1.0,,1.0,,,,2014,3
Coahuila,23,6,23.0,6.0,3.0,3.0,,,,2014,3
Colima,13,5,8.0,1.0,1.0,,,,,2014,3
Chiapas,13,3,10.0,1.0,1.0,,,,,2014,3
Chihuahua,51,8,44.0,4.0,3.0,1.0,2.0,,2.0,2014,3
Distrito Federal,71,17,62.0,6.0,1.0,5.0,1.0,1.0,,2014,3
Guerrero,20,4,20.0,2.0,2.0,,,,,2014,3
Hidalgo,3,2,1.0,2.0,,2.0,,,,2014,3
Jalisco,23,6,19.0,,,,,,,2014,3
México,83,14,72.0,14.0,9.0,5.0,,,,2014,3
Michoacán,27,10,23.0,6.0,3.0,3.0,2.0,1.0,1.0,2014,3
Morelos,33,11,41.0,5.0,4.0,1.0,,,,2014,3
Nayarit,17,5,12.0,2.0,2.0,,2.0,,2.0,2014,3
Nuevo León,32,3,29.0,5.0,2.0,3.0,3.0,1.0,2.0,2014,3
Oaxaca,10,2,12.0,2.0,1.0,2.0,1.0,1.0,,2014,3
Quintana Roo,6,2,4.0,4.0,3.0,1.0,1.0,1.0,,2014,3
San Luis Potosí,9,1,11.0,2.0,1.0,1.0,,,,2014,3
Sinaloa,31,6,44.0,9.0,6.0,6.0,2.0,,3.0,2014,3
Sonora,24,6,28.0,4.0,3.0,1.0,4.0,3.0,1.0,2014,3
Tabasco,5,2,3.0,1.0,,1.0,,,,2014,3
Tamaulipas,28,4,24.0,6.0,4.0,2.0,2.0,1.0,1.0,2014,3
Veracruz,31,12,35.0,,1.0,,1.0,1.0,,2014,3
Yucatán,18,10,27.0,,1.0,3.0,2.0,3.0,1.0,2014,3
Zacatecas,15,4,12.0,,,,,,,2014,3
TOTAL,658,158,632.0,89.0,53.0,47.0,29.0,14.0,19.0,2014,3
Aguascalientes,1,2,2.0,1.0,,1.0,,,,2014,4
Baja California,54,17,89.0,2.0,3.0,6.0,1.0,1.0,6.0,2014,4
Baja California Sur,8,3,7.0,3.0,1.0,2.0,,,,2014,4
Campeche,10,2,21.0,,,1.0,1.0,1.0,,2014,4
Coahuila,19,8,40.0,6.0,8.0,4.0,,,,2014,4
Colima,22,8,27.0,3.0,2.0,2.0,,,,2014,4
Chiapas,10,6,17.0,3.0,4.0,,1.0,1.0,,2014,4
Chihuahua,46,21,77.0,5.0,6.0,3.0,2.0,1.0,3.0,2014,4
Distrito Federal,150,52,177.0,11.0,6.0,11.0,,1.0,,2014,4
Durango,21,3,24.0,3.0,1.0,2.0,,,,2014,4
Guerrero,8,6,26.0,7.0,4.0,5.0,1.0,,1.0,2014,4
Hidalgo,13,6,10.0,5.0,3.0,4.0,,,,2014,4
Jalisco,11,9,30.0,1.0,1.0,,1.0,,1.0,2014,4
México,104,32,158.0,23.0,23.0,14.0,11.0,5.0,6.0,2014,4
Michoacán,30,17,46.0,5.0,7.0,4.0,2.0,2.0,2.0,2014,4
Morelos,41,19,74.0,6.0,7.0,4.0,,,,2014,4
Nayarit,14,7,24.0,1.0,2.0,1.0,,,2.0,2014,4
Nuevo León,72,22,82.0,6.0,7.0,4.0,6.0,4.0,5.0,2014,4
Oaxaca,11,4,21.0,3.0,3.0,3.0,1.0,2.0,,2014,4
Puebla,14,4,12.0,,,1.0,,,,2014,4
Querétaro,2,1,4.0,,,,,,,2014,4
Quintana Roo,13,6,13.0,1.0,4.0,1.0,1.0,1.0,1.0,2014,4
San Luis Potosí,19,7,24.0,1.0,2.0,1.0,1.0,1.0,,2014,4
Sinaloa,38,12,76.0,7.0,10.0,9.0,6.0,3.0,6.0,2014,4
Sonora,40,15,59.0,7.0,9.0,2.0,3.0,6.0,1.0,2014,4
Tabasco,15,3,17.0,1.0,1.0,1.0,1.0,,1.0,2014,4
Tamaulipas,61,17,72.0,10.0,11.0,5.0,5.0,2.0,5.0,2014,4
Veracruz,35,17,65.0,4.0,4.0,1.0,2.0,1.0,2.0,2014,4
Yucatán,28,15,50.0,,1.0,3.0,1.0,3.0,2.0,2014,4
Zacatecas,19,10,25.0,1.0,1.0,,,,,2014,4
TOTAL,933,351,1375.0,127.0,131.0,96.0,47.0,35.0,45.0,2014,4
Aguascalientes,1,2,3.0,,,1.0,,,,2014,5
Baja California,45,30,121.0,6.0,7.0,8.0,3.0,1.0,9.0,2014,5
Baja California Sur,13,5,18.0,2.0,2.0,3.0,,,,2014,5
Campeche,10,6,27.0,2.0,1.0,2.0,1.0,1.0,1.0,2014,5
Coahuila,2,8,42.0,,8.0,4.0,,,,2014,5
Colima,17,11,41.0,,2.0,2.0,2.0,,2.0,2014,5
Chiapas,20,12,31.0,6.0,6.0,4.0,1.0,1.0,1.0,2014,5
Chihuahua,43,25,116.0,8.0,10.0,7.0,2.0,1.0,5.0,2014,5
Distrito Federal,212,124,329.0,10.0,11.0,16.0,4.0,3.0,2.0,2014,5
Durango,9,6,30.0,,1.0,2.0,,,,2014,5
Guerrero,12,11,33.0,3.0,6.0,6.0,,,1.0,2014,5
Hidalgo,30,12,34.0,5.0,5.0,7.0,,,,2014,5
Jalisco,33,22,50.0,,1.0,,,,1.0,2014,5
México,103,50,243.0,19.0,34.0,22.0,6.0,10.0,7.0,2014,5
Michoacán,33,23,73.0,4.0,9.0,6.0,1.0,3.0,2.0,2014,5
Morelos,27,21,99.0,2.0,9.0,4.0,1.0,,1.0,2014,5
Nayarit,40,12,59.0,3.0,4.0,2.0,1.0,,3.0,2014,5
Nuevo León,57,38,123.0,8.0,10.0,9.0,3.0,6.0,6.0,2014,5
Oaxaca,17,10,32.0,1.0,4.0,3.0,1.0,3.0,,2014,5
Puebla,13,7,22.0,3.0,3.0,1.0,,,,2014,5
Querétaro -,1,4,,,,,,,,2014,5
Quintana Roo,9,9,19.0,2.0,5.0,2.0,,1.0,1.0,2014,5
San Luis Potosí,26,10,47.0,,2.0,1.0,1.0,1.0,1.0,2014,5
Sinaloa,40,19,109.0,11.0,17.0,13.0,3.0,4.0,8.0,2014,5
Sonora,32,19,87.0,2.0,10.0,3.0,5.0,8.0,4.0,2014,5
Tabasco,16,7,29.0,2.0,2.0,2.0,,,1.0,2014,5
Tamaulipas,61,24,126.0,8.0,14.0,10.0,1.0,2.0,6.0,2014,5
Veracruz,73,30,125.0,7.0,6.0,6.0,,1.0,2.0,2014,5
Yucatán,8,15,58.0,,1.0,3.0,,3.0,2.0,2014,5
Zacatecas,16,14,37.0,,1.0,,,,,2014,5
TOTAL,1023,583,2178.0,114.0,191.0,150.0,36.0,49.0,67.0,2014,5
Aguascalientes,2,2,5.0,,,1.0,,,,2014,6
Baja California,35,38,148.0,9.0,12.0,12.0,4.0,2.0,12.0,2014,6
Baja California Sur,9,8,24.0,2.0,3.0,4.0,,,,2014,6
Campeche,12,9,36.0,1.0,1.0,3.0,3.0,2.0,3.0,2014,6
Coahuila,45,26,99.0,9.0,21.0,14.0,1.0,2.0,,2014,6
Colima,14,15,51.0,2.0,3.0,3.0,,,2.0,2014,6
Chiapas,19,14,48.0,,6.0,4.0,2.0,2.0,2.0,2014,6
Chihuahua,52,35,158.0,6.0,11.0,12.0,,1.0,5.0,2014,6
Distrito Federal,192,175,478.0,46.0,14.0,59.0,2.0,4.0,3.0,2014,6
Durango,1,6,31.0,1.0,2.0,2.0,1.0,1.0,,2014,6
Guanajuato,7,2,15.0,1.0,,2.0,,,1.0,2014,6
Guerrero,11,14,41.0,2.0,7.0,7.0,3.0,1.0,3.0,2014,6
Hidalgo,16,15,47.0,2.0,6.0,8.0,,,,2014,6
Jalisco,39,28,83.0,2.0,2.0,1.0,,,1.0,2014,6
México,125,81,341.0,10.0,39.0,28.0,4.0,10.0,11.0,2014,6
Michoacán,49,32,115.0,10.0,12.0,13.0,5.0,6.0,4.0,2014,6
Morelos,41,33,128.0,3.0,11.0,5.0,,,1.0,2014,6
Nayarit,27,18,80.0,3.0,6.0,3.0,2.0,,5.0,2014,6
Nuevo León,38,45,154.0,5.0,12.0,12.0,4.0,6.0,10.0,2014,6
Oaxaca,26,14,54.0,5.0,7.0,5.0,1.0,3.0,1.0,2014,6
Puebla,6,15,49.0,1.0,8.0,3.0,,,,2014,6
Querétaro,1,2,4.0,3.0,1.0,2.0,,,,2014,6
Quintana Roo,15,13,30.0,4.0,6.0,5.0,2.0,1.0,3.0,2014,6
San Luis Potosí,42,17,82.0,,2.0,1.0,,1.0,1.0,2014,6
Sinaloa,36,24,140.0,9.0,21.0,18.0,2.0,5.0,9.0,2014,6
Sonora,61,34,133.0,5.0,12.0,6.0,3.0,9.0,6.0,2014,6
Tabasco,36,20,52.0,2.0,4.0,2.0,,,1.0,2014,6
Tamaulipas,40,29,161.0,5.0,17.0,12.0,2.0,4.0,6.0,2014,6
Veracruz,120,49,226.0,4.0,7.0,9.0,,1.0,2.0,2014,6
Yucatán,23,19,77.0,5.0,4.0,5.0,,3.0,2.0,2014,6
Zacatecas,11,15,47.0,2.0,1.0,2.0,,,,2014,6
TOTAL,1151,847,3138.0,159.0,258.0,263.0,41.0,64.0,94.0,2014,6
Aguascalientes,6,6,7.0,,,1.0,,,,2014,7
Baja California,33,45,174.0,7.0,13.0,18.0,1.0,3.0,12.0,2014,7
Baja California Sur,8,9,31.0,,3.0,4.0,,,,2014,7
Campeche,12,13,44.0,,1.0,3.0,1.0,3.0,3.0,2014,7
Coahuila,11,28,108.0,4.0,21.0,18.0,3.0,2.0,3.0,2014,7
Colima,18,23,61.0,6.0,5.0,7.0,,,2.0,2014,7
Chiapas,18,15,65.0,,6.0,4.0,,2.0,2.0,2014,7
Chihuahua,47,42,198.0,7.0,14.0,16.0,,1.0,5.0,2014,7
Distrito Federal,126,201,578.0,10.0,18.0,65.0,1.0,4.0,4.0,2014,7
Durango,17,10,44.0,,2.0,2.0,1.0,1.0,1.0,2014,7
Guanajuato,3,2,18.0,2.0,1.0,3.0,,,1.0,2014,7
Guerrero,6,14,47.0,3.0,10.0,7.0,2.0,2.0,4.0,2014,7
Hidalgo,25,23,64.0,6.0,10.0,10.0,,,,2014,7
Jalisco,29,32,108.0,5.0,3.0,5.0,2.0,1.0,2.0,2014,7
México,95,96,422.0,16.0,46.0,37.0,,10.0,11.0,2014,7
Michoacán,25,33,137.0,2.0,12.0,15.0,,6.0,4.0,2014,7
Morelos,18,36,143.0,3.0,14.0,5.0,2.0,,3.0,2014,7
Nayarit,31,25,104.0,1.0,6.0,4.0,1.0,,6.0,2014,7
Nuevo León,41,60,180.0,7.0,14.0,17.0,3.0,7.0,12.0,2014,7
Oaxaca,36,22,82.0,2.0,9.0,5.0,1.0,3.0,2.0,2014,7
Puebla,9,16,57.0,2.0,9.0,4.0,,,,2014,7
Querétaro,6,4,8.0,,1.0,2.0,,,,2014,7
Quintana Roo,13,17,39.0,1.0,6.0,6.0,1.0,1.0,4.0,2014,7
San Luis Potosí,48,26,121.0,,2.0,1.0,1.0,2.0,1.0,2014,7
Sinaloa,35,36,163.0,11.0,26.0,24.0,4.0,6.0,12.0,2014,7
Sonora,28,40,155.0,6.0,16.0,8.0,3.0,10.0,8.0,2014,7
Tabasco,21,22,71.0,3.0,7.0,2.0,,,1.0,2014,7
Tamaulipas,34,40,184.0,7.0,22.0,14.0,2.0,6.0,6.0,2014,7
Veracruz,99,67,307.0,3.0,7.0,12.0,1.0,2.0,2.0,2014,7
Yucatán,16,23,89.0,4.0,6.0,7.0,,3.0,2.0,2014,7
Zacatecas,13,19,56.0,2.0,3.0,2.0,,,,2014,7
TOTAL,927,1045,3866.0,120.0,313.0,328.0,30.0,75.0,113.0,2014,7
Aguascalientes,7,7,13.0,,,1.0,,,,2014,8
Baja California,50,63,206.0,4.0,15.0,20.0,4.0,4.0,15.0,2014,8
Baja California Sur,4,11,33.0,1.0,4.0,4.0,,,,2014,8
Campeche,26,20,63.0,2.0,1.0,5.0,1.0,4.0,3.0,2014,8
Coahuila,34,39,131.0,5.0,22.0,22.0,4.0,3.0,6.0,2014,8
Colima,21,26,79.0,3.0,5.0,10.0,,,2.0,2014,8
Chiapas,16,17,79.0,2.0,8.0,4.0,2.0,3.0,3.0,2014,8
Chihuahua,51,50,241.0,9.0,16.0,23.0,5.0,1.0,10.0,2014,8
Distrito Federal,336,297,823.0,2.0,19.0,66.0,1.0,5.0,4.0,2014,8
Durango,20,25,71.0,,2.0,2.0,,2.0,3.0,2014,8
Guanajuato,8,3,25.0,2.0,3.0,3.0,,,1.0,2014,8
Guerrero,16,21,56.0,,10.0,7.0,,2.0,4.0,2014,8
Hidalgo,16,24,79.0,5.0,12.0,13.0,,,,2014,8
Jalisco,48,39,150.0,,3.0,5.0,1.0,1.0,3.0,2014,8
México,122,123,518.0,13.0,54.0,42.0,3.0,10.0,14.0,2014,8
Michoacán,43,46,182.0,1.0,14.0,17.0,2.0,6.0,7.0,2014,8
Morelos,32,43,168.0,3.0,17.0,5.0,1.0,,4.0,2014,8
Nayarit,33,33,129.0,1.0,6.0,5.0,,,6.0,2014,8
Nuevo León,55,73,222.0,11.0,19.0,23.0,2.0,7.0,14.0,2014,8
Oaxaca,11,22,96.0,5.0,12.0,7.0,1.0,3.0,3.0,2014,8
Puebla,9,18,64.0,2.0,10.0,5.0,,,,2014,8
Querétaro,8,9,11.0,,1.0,2.0,,,,2014,8
Quintana Roo,16,19,53.0,,6.0,6.0,,1.0,4.0,2014,8
San Luis Potosí,35,33,149.0,,2.0,1.0,,2.0,1.0,2014,8
Sinaloa,29,41,187.0,10.0,31.0,29.0,3.0,7.0,14.0,2014,8
Sonora,45,46,194.0,8.0,19.0,13.0,5.0,11.0,12.0,2014,8
Tabasco,24,26,91.0,1.0,7.0,3.0,,,1.0,2014,8
Tamaulipas,44,47,221.0,14.0,30.0,20.0,2.0,6.0,8.0,2014,8
Veracruz,113,83,404.0,8.0,9.0,18.0,,2.0,2.0,2014,8
Yucatán,27,26,113.0,3.0,8.0,8.0,3.0,4.0,4.0,2014,8
Zacatecas,19,23,71.0,,3.0,2.0,1.0,,1.0,2014,8
TOTAL,1318,1353,4923.0,115.0,368.0,391.0,41.0,84.0,149.0,2014,8
Aguascalientes,2,7,15.0,1.0,,2.0,,,,2014,9
Baja California,51,72,248.0,11.0,21.0,25.0,,4.0,15.0,2014,9
Baja California Sur,4,11,37.0,,4.0,4.0,,,,2014,9
Campeche,17,24,76.0,1.0,1.0,6.0,,4.0,3.0,2014,9
Coahuila,44,51,163.0,5.0,26.0,23.0,,3.0,6.0,2014,9
Colima,12,27,90.0,3.0,7.0,11.0,,,2.0,2014,9
Chiapas,15,17,95.0,3.0,10.0,5.0,2.0,4.0,4.0,2014,9
Chihuahua,67,65,293.0,8.0,23.0,24.0,1.0,1.0,11.0,2014,9
Distrito Federal,309,382,1047.0,10.0,24.0,71.0,1.0,5.0,5.0,2014,9
Durango,9,26,79.0,,2.0,2.0,,2.0,3.0,2014,9
Guanajuato,18,6,40.0,2.0,3.0,5.0,,,1.0,2014,9
Guerrero,14,21,70.0,10.0,19.0,8.0,,2.0,4.0,2014,9
Hidalgo,23,28,98.0,1.0,12.0,14.0,,,,2014,9
Jalisco,49,48,190.0,,3.0,5.0,,1.0,3.0,2014,9
México,108,154,595.0,12.0,61.0,47.0,2.0,12.0,14.0,2014,9
Michoacán,39,57,210.0,9.0,21.0,19.0,2.0,7.0,8.0,2014,9
Morelos,65,56,220.0,2.0,19.0,5.0,1.0,,5.0,2014,9
Nayarit,10,36,136.0,2.0,7.0,6.0,2.0,,8.0,2014,9
Nuevo León,61,88,268.0,13.0,23.0,32.0,5.0,9.0,17.0,2014,9
Oaxaca,26,26,120.0,,12.0,9.0,2.0,4.0,4.0,2014,9
Puebla,7,18,71.0,1.0,11.0,5.0,,,,2014,9
Querétaro,7,11,16.0,,1.0,2.0,,,,2014,9
Quintana Roo,18,24,66.0,,6.0,6.0,1.0,1.0,5.0,2014,9
San Luis Potosí,29,35,176.0,2.0,3.0,2.0,1.0,3.0,1.0,2014,9
Sinaloa,35,45,218.0,9.0,36.0,33.0,2.0,8.0,15.0,2014,9
Sonora,37,53,224.0,5.0,23.0,14.0,5.0,12.0,16.0,2014,9
Tabasco,32,33,117.0,1.0,8.0,3.0,1.0,,2.0,2014,9
Tamaulipas,29,54,243.0,1.0,30.0,21.0,1.0,6.0,9.0,2014,9
Tlaxcala,3,1,3.0,,,,,,,2014,9
Veracruz,72,96,463.0,4.0,12.0,19.0,2.0,2.0,4.0,2014,9
Yucatán,31,28,142.0,2.0,8.0,10.0,3.0,5.0,6.0,2014,9
Zacatecas,16,26,84.0,,3.0,2.0,,,1.0,2014,9
TOTAL,1259,1626,5913.0,118.0,439.0,440.0,34.0,95.0,172.0,2014,9
Aguascalientes,2,7,17.0,,,2.0,,,,2014,10
Baja California,80,80,320.0,5.0,24.0,27.0,2.0,5.0,16.0,2014,10
Baja California Sur,10,13,45.0,,4.0,4.0,1.0,,1.0,2014,10
Campeche,11,24,87.0,3.0,4.0,6.0,1.0,4.0,4.0,2014,10
Coahuila,33,58,189.0,6.0,29.0,26.0,1.0,3.0,7.0,2014,10
Colima,9,30,96.0,3.0,7.0,14.0,,,2.0,2014,10
Chiapas,17,19,110.0,5.0,13.0,7.0,1.0,4.0,5.0,2014,10
Chihuahua,79,80,357.0,8.0,28.0,27.0,3.0,2.0,13.0,2014,10
Distrito Federal,273,468,1234.0,5.0,27.0,73.0,1.0,6.0,5.0,2014,10
Durango,55,45,115.0,,2.0,2.0,,2.0,3.0,2014,10
Guanajuato,6,8,44.0,1.0,3.0,6.0,,,1.0,2014,10
Guerrero,14,23,82.0,1.0,19.0,9.0,2.0,4.0,4.0,2014,10
Hidalgo,22,34,120.0,,12.0,14.0,,,,2014,10
Jalisco,39,62,216.0,,3.0,5.0,,1.0,3.0,2014,10
México,150,189,711.0,7.0,64.0,51.0,1.0,13.0,14.0,2014,10
Michoacán,31,64,234.0,5.0,25.0,20.0,2.0,9.0,8.0,2014,10
Morelos,31,58,249.0,5.0,23.0,6.0,,,5.0,2014,10
Nayarit,25,40,157.0,3.0,9.0,7.0,,,8.0,2014,10
Nuevo León,69,98,327.0,6.0,26.0,35.0,6.0,13.0,19.0,2014,10
Oaxaca,37,40,145.0,3.0,15.0,10.0,,4.0,4.0,2014,10
Puebla,15,19,85.0,,11.0,5.0,,,,2014,10
Querétaro,11,13,25.0,,1.0,2.0,,,,2014,10
Quintana Roo,13,26,77.0,1.0,6.0,7.0,,1.0,5.0,2014,10
San Luis Potosí,45,45,211.0,1.0,4.0,2.0,,3.0,1.0,2014,10
Sinaloa,33,47,249.0,8.0,36.0,41.0,3.0,9.0,17.0,2014,10
Sonora,54,65,266.0,4.0,24.0,17.0,1.0,13.0,16.0,2014,10
Tabasco,23,44,130.0,3.0,11.0,3.0,,,2.0,2014,10
Tamaulipas,59,64,292.0,13.0,39.0,25.0,3.0,7.0,11.0,2014,10
Tlaxcala,7,2,9.0,,,,,,,2014,10
Veracruz,74,116,517.0,3.0,15.0,19.0,,2.0,4.0,2014,10
Yucatán,43,34,179.0,5.0,13.0,10.0,,5.0,6.0,2014,10
Zacatecas,28,29,109.0,,3.0,2.0,,,1.0,2014,10
TOTAL,1398,1944,7004.0,104.0,500.0,484.0,28.0,110.0,185.0,2014,10
Aguascalientes,3,7,20.0,,,2.0,,,,2014,11
Baja California,49,93,356.0,4.0,25.0,30.0,3.0,7.0,17.0,2014,11
Baja California Sur,8,18,48.0,,4.0,4.0,,,1.0,2014,11
Campeche,15,28,98.0,,4.0,6.0,,4.0,4.0,2014,11
Coahuila,33,66,214.0,5.0,32.0,28.0,2.0,3.0,9.0,2014,11
Colima,14,32,108.0,4.0,9.0,16.0,1.0,,3.0,2014,11
Chiapas,18,23,124.0,5.0,14.0,11.0,1.0,4.0,6.0,2014,11
Chihuahua,51,90,398.0,10.0,30.0,35.0,3.0,3.0,15.0,2014,11
Distrito Federal,257,520,1439.0,1.0,27.0,74.0,7.0,9.0,9.0,2014,11
Durango,33,53,140.0,,2.0,2.0,,2.0,3.0,2014,11
Guanajuato,7,10,49.0,1.0,4.0,6.0,,,1.0,2014,11
Guerrero,17,26,96.0,,19.0,9.0,,4.0,4.0,2014,11
Hidalgo,23,39,138.0,2.0,14.0,14.0,2.0,1.0,1.0,2014,11
Jalisco,41,74,245.0,4.0,4.0,8.0,2.0,3.0,3.0,2014,11
México,108,203,805.0,17.0,75.0,57.0,3.0,14.0,16.0,2014,11
Michoacán,44,71,271.0,6.0,30.0,21.0,,9.0,8.0,2014,11
Morelos,52,75,284.0,7.0,27.0,9.0,1.0,1.0,5.0,2014,11
Nayarit,22,45,174.0,2.0,11.0,7.0,1.0,,9.0,2014,11
Nuevo León,58,123,374.0,7.0,30.0,38.0,3.0,14.0,21.0,2014,11
Oaxaca,30,48,169.0,1.0,16.0,10.0,2.0,5.0,5.0,2014,11
Puebla,7,20,91.0,1.0,12.0,5.0,,,,2014,11
Querétaro,16,18,36.0,,1.0,2.0,,,,2014,11
Quintana Roo,8,26,85.0,2.0,7.0,8.0,2.0,1.0,7.0,2014,11
San Luis Potosí,53,52,257.0,,4.0,2.0,,3.0,1.0,2014,11
Sinaloa,47,55,289.0,9.0,41.0,45.0,2.0,11.0,17.0,2014,11
Sonora,55,78,308.0,2.0,24.0,19.0,4.0,16.0,17.0,2014,11
Tabasco,38,49,163.0,6.0,14.0,6.0,2.0,,4.0,2014,11
Tamaulipas,63,74,345.0,5.0,42.0,27.0,2.0,7.0,13.0,2014,11
Tlaxcala -,2,9,,,,,,,,2014,11
Veracruz,83,132,584.0,15.0,24.0,25.0,9.0,3.0,12.0,2014,11
Yucatán,24,39,198.0,4.0,16.0,11.0,2.0,6.0,7.0,2014,11
Zacatecas,23,33,128.0,,3.0,2.0,,,1.0,2014,11
TOTAL,1300,2222,8043.0,120.0,565.0,539.0,54.0,130.0,219.0,2014,11
Aguascalientes,3,7,23.0,,,2.0,1.0,,1.0,2014,12
Baja California,42,99,392.0,5.0,26.0,34.0,4.0,9.0,19.0,2014,12
Baja California Sur,13,21,58.0,,4.0,4.0,2.0,,3.0,2014,12
Campeche,23,34,115.0,,4.0,6.0,1.0,5.0,4.0,2014,12
Coahuila,57,82,255.0,4.0,34.0,30.0,3.0,3.0,12.0,2014,12
Colima,33,41,132.0,8.0,11.0,22.0,,,3.0,2014,12
Chiapas,24,26,145.0,2.0,15.0,12.0,,4.0,6.0,2014,12
Chihuahua,61,104,445.0,9.0,36.0,38.0,1.0,4.0,15.0,2014,12
Distrito Federal,247,638,1637.0,5.0,30.0,76.0,2.0,10.0,10.0,2014,12
Durango,29,61,161.0,6.0,4.0,6.0,,2.0,3.0,2014,12
Guanajuato,14,14,59.0,,4.0,6.0,1.0,,2.0,2014,12
Guerrero,16,28,110.0,1.0,19.0,10.0,1.0,4.0,5.0,2014,12
Hidalgo,21,43,155.0,6.0,19.0,15.0,2.0,1.0,3.0,2014,12
Jalisco,42,81,280.0,4.0,5.0,11.0,,3.0,3.0,2014,12
México,152,241,919.0,11.0,80.0,63.0,3.0,16.0,17.0,2014,12
Michoacán,48,79,311.0,8.0,36.0,23.0,2.0,10.0,9.0,2014,12
Morelos,42,93,308.0,3.0,29.0,10.0,2.0,2.0,6.0,2014,12
Nayarit,35,52,202.0,,11.0,7.0,,,9.0,2014,12
Nuevo León,74,134,437.0,7.0,32.0,43.0,4.0,16.0,23.0,2014,12
Oaxaca,43,59,201.0,4.0,19.0,11.0,,5.0,5.0,2014,12
Puebla,9,20,100.0,2.0,14.0,5.0,,,,2014,12
Querétaro,12,23,43.0,1.0,2.0,2.0,,,,2014,12
Quintana Roo,13,27,97.0,4.0,9.0,10.0,1.0,1.0,8.0,2014,12
San Luis Potosí,64,66,307.0,1.0,5.0,2.0,1.0,4.0,1.0,2014,12
Sinaloa,60,63,341.0,9.0,44.0,51.0,3.0,12.0,19.0,2014,12
Sonora,65,87,364.0,4.0,26.0,21.0,,16.0,17.0,2014,12
Tabasco,49,61,200.0,2.0,16.0,6.0,1.0,,5.0,2014,12
Tamaulipas,53,88,384.0,8.0,47.0,30.0,3.0,7.0,16.0,2014,12
Tlaxcala,2,4,12.0,1.0,,1.0,,,,2014,12
Veracruz,75,147,644.0,4.0,27.0,26.0,1.0,3.0,13.0,2014,12
Yucatán,38,48,227.0,7.0,21.0,13.0,,6.0,7.0,2014,12
Zacatecas,20,36,145.0,,3.0,2.0,,,1.0,2014,12
TOTAL,1479,2607,9209.0,126.0,632.0,598.0,39.0,143.0,245.0,2014,12
Aguascalientes,1,7,24.0,,,2.0,,,1.0,2014,13
Baja California,42,108,425.0,3.0,27.0,36.0,,9.0,19.0,2014,13
Baja California Sur,9,25,63.0,1.0,5.0,4.0,1.0,,4.0,2014,13
Campeche,13,41,121.0,4.0,6.0,8.0,,5.0,4.0,2014,13
Coahuila,17,85,269.0,6.0,36.0,34.0,1.0,3.0,13.0,2014,13
Colima,29,50,152.0,2.0,12.0,23.0,,,3.0,2014,13
Chiapas,15,29,157.0,1.0,15.0,13.0,2.0,4.0,8.0,2014,13
Chihuahua,70,119,500.0,12.0,39.0,47.0,,4.0,15.0,2014,13
Distrito Federal,328,740,1874.0,2.0,32.0,78.0,2.0,11.0,11.0,2014,13
Durango,36,66,192.0,2.0,6.0,6.0,,2.0,3.0,2014,13
Guanajuato,10,15,68.0,1.0,4.0,7.0,,,2.0,2014,13
Guerrero,9,35,112.0,,19.0,10.0,,4.0,5.0,2014,13
Hidalgo,39,48,189.0,5.0,22.0,17.0,1.0,1.0,4.0,2014,13
Jalisco,77,91,349.0,,5.0,11.0,,3.0,3.0,2014,13
México,93,263,990.0,5.0,82.0,66.0,4.0,19.0,18.0,2014,13
Michoacán,48,87,351.0,11.0,43.0,27.0,2.0,12.0,9.0,2014,13
Morelos,33,99,335.0,3.0,31.0,11.0,3.0,3.0,8.0,2014,13
Nayarit,19,58,215.0,2.0,12.0,8.0,2.0,2.0,9.0,2014,13
Nuevo León,55,141,485.0,6.0,33.0,48.0,3.0,16.0,26.0,2014,13
Oaxaca,30,67,223.0,3.0,18.0,14.0,,5.0,5.0,2014,13
Puebla,12,22,112.0,,14.0,5.0,1.0,1.0,,2014,13
Querétaro,13,26,53.0,,2.0,2.0,,,,2014,13
Quintana Roo,14,28,110.0,4.0,11.0,12.0,1.0,1.0,9.0,2014,13
San Luis Potosí,25,75,323.0,,5.0,2.0,1.0,4.0,2.0,2014,13
Sinaloa,26,68,362.0,8.0,47.0,56.0,4.0,13.0,22.0,2014,13
Sonora,28,95,384.0,5.0,27.0,25.0,3.0,17.0,19.0,2014,13
Tabasco,38,72,227.0,1.0,16.0,7.0,2.0,1.0,6.0,2014,13
Tamaulipas,53,102,423.0,5.0,49.0,33.0,1.0,8.0,16.0,2014,13
Tlaxcala -,4,12,1.0,,2.0,,,,,2014,13
Veracruz,102,167,726.0,5.0,30.0,28.0,6.0,5.0,17.0,2014,13
Yucatán,25,54,246.0,2.0,22.0,14.0,,6.0,7.0,2014,13
Zacatecas,17,42,156.0,,3.0,2.0,,,1.0,2014,13
TOTAL,1326,2929,10228.0,100.0,673.0,658.0,40.0,159.0,269.0,2014,13
Aguascalientes,17,10,38.0,,,2.0,,,1.0,2014,14
Baja California,61,121,473.0,7.0,32.0,38.0,2.0,10.0,20.0,2014,14
Baja California Sur,20,27,81.0,1.0,5.0,5.0,,,4.0,2014,14
Campeche,21,44,139.0,1.0,6.0,9.0,1.0,6.0,4.0,2014,14
Coahuila,45,91,308.0,7.0,39.0,38.0,1.0,3.0,14.0,2014,14
Colima,28,58,172.0,2.0,13.0,24.0,,,3.0,2014,14
Chiapas,20,35,171.0,4.0,18.0,14.0,,4.0,8.0,2014,14
Chihuahua,75,132,562.0,6.0,42.0,50.0,5.0,7.0,17.0,2014,14
Distrito Federal,321,824,2111.0,8.0,34.0,84.0,2.0,11.0,13.0,2014,14
Durango,60,75,243.0,,6.0,6.0,,2.0,3.0,2014,14
Guanajuato,28,20,91.0,1.0,5.0,7.0,,,2.0,2014,14
Guerrero,5,36,116.0,2.0,20.0,11.0,,4.0,5.0,2014,14
Hidalgo,35,53,219.0,11.0,23.0,27.0,1.0,2.0,4.0,2014,14
Jalisco,54,102,392.0,7.0,7.0,16.0,,3.0,3.0,2014,14
México,101,280,1074.0,9.0,88.0,69.0,5.0,22.0,20.0,2014,14
Michoacán,45,97,386.0,9.0,47.0,32.0,4.0,14.0,11.0,2014,14
Morelos,43,105,372.0,3.0,31.0,14.0,,3.0,8.0,2014,14
Nayarit,23,63,233.0,4.0,15.0,9.0,2.0,4.0,9.0,2014,14
Nuevo León,74,163,537.0,12.0,39.0,54.0,3.0,18.0,27.0,2014,14
Oaxaca,22,71,241.0,4.0,18.0,18.0,1.0,5.0,6.0,2014,14
Puebla,19,26,127.0,3.0,16.0,6.0,,1.0,,2014,14
Querétaro,1,26,54.0,,2.0,2.0,1.0,1.0,,2014,14
Quintana Roo,21,31,128.0,1.0,11.0,13.0,,1.0,9.0,2014,14
San Luis Potosí,23,78,343.0,1.0,6.0,2.0,,4.0,2.0,2014,14
Sinaloa,64,78,416.0,12.0,51.0,64.0,5.0,14.0,26.0,2014,14
Sonora,52,104,427.0,2.0,29.0,25.0,3.0,19.0,20.0,2014,14
Tabasco,17,77,239.0,1.0,17.0,7.0,,1.0,6.0,2014,14
Tamaulipas,70,120,475.0,8.0,52.0,38.0,2.0,8.0,18.0,2014,14
Tlaxcala,5,7,14.0,2.0,1.0,3.0,,,,2014,14
Veracruz,70,183,780.0,3.0,31.0,30.0,15.0,8.0,29.0,2014,14
Yucatán,23,61,262.0,2.0,24.0,14.0,3.0,9.0,7.0,2014,14
Zacatecas,18,45,171.0,,3.0,2.0,,,1.0,2014,14
TOTAL,1481,3243,11395.0,133.0,731.0,733.0,56.0,184.0,300.0,2014,14
Aguascalientes,12,15,45.0,,,2.0,,,1.0,2014,15
Baja California,6,123,477.0,1.0,32.0,39.0,,10.0,20.0,2014,15
Baja California Sur,15,30,93.0,1.0,6.0,5.0,,,4.0,2014,15
Campeche,20,49,154.0,,6.0,9.0,1.0,7.0,4.0,2014,15
Coahuila,44,103,340.0,9.0,43.0,43.0,1.0,4.0,14.0,2014,15
Colima,13,61,182.0,2.0,14.0,25.0,,,3.0,2014,15
Chiapas,20,40,186.0,7.0,21.0,18.0,2.0,5.0,9.0,2014,15
Chihuahua,86,155,625.0,7.0,44.0,55.0,1.0,7.0,18.0,2014,15
Distrito Federal,319,900,2354.0,2.0,35.0,85.0,5.0,12.0,17.0,2014,15
Durango,35,78,275.0,2.0,7.0,7.0,,2.0,3.0,2014,15
Guanajuato,28,24,115.0,,5.0,7.0,,,2.0,2014,15
Guerrero,12,39,125.0,3.0,22.0,12.0,1.0,4.0,6.0,2014,15
Hidalgo,31,58,245.0,6.0,28.0,28.0,1.0,3.0,4.0,2014,15
Jalisco,83,123,454.0,5.0,10.0,18.0,1.0,3.0,4.0,2014,15
México,133,306,1181.0,11.0,95.0,73.0,3.0,23.0,22.0,2014,15
Michoacán,61,108,438.0,6.0,50.0,35.0,1.0,15.0,11.0,2014,15
Morelos,50,113,414.0,5.0,34.0,16.0,,3.0,8.0,2014,15
Nayarit,22,71,247.0,,15.0,9.0,,4.0,9.0,2014,15
Nuevo León,65,175,590.0,9.0,43.0,59.0,3.0,20.0,28.0,2014,15
Oaxaca,14,75,251.0,1.0,19.0,18.0,1.0,5.0,7.0,2014,15
Puebla,10,27,136.0,2.0,18.0,6.0,,1.0,,2014,15
Querétaro,6,28,58.0,,2.0,2.0,1.0,2.0,,2014,15
Quintana Roo,7,32,134.0,,11.0,13.0,,1.0,9.0,2014,15
San Luis Potosí,29,82,368.0,9.0,7.0,10.0,,4.0,2.0,2014,15
Sinaloa,66,90,470.0,7.0,54.0,68.0,5.0,16.0,29.0,2014,15
Sonora,57,110,480.0,4.0,31.0,27.0,1.0,20.0,20.0,2014,15
Tabasco,33,89,260.0,,17.0,7.0,1.0,2.0,6.0,2014,15
Tamaulipas,70,144,521.0,10.0,57.0,43.0,2.0,9.0,19.0,2014,15
Tlaxcala,7,9,19.0,,1.0,3.0,,,,2014,15
Veracruz,95,210,848.0,4.0,33.0,32.0,6.0,11.0,32.0,2014,15
Yucatán,33,68,288.0,3.0,27.0,14.0,4.0,10.0,10.0,2014,15
Zacatecas,19,49,186.0,,3.0,2.0,,,1.0,2014,15
TOTAL,1501,3584,12559.0,116.0,790.0,790.0,41.0,203.0,322.0,2014,15
Aguascalientes,21,23,58.0,,,2.0,,,1.0,2014,16
Baja California,23,127,496.0,2.0,32.0,41.0,1.0,10.0,21.0,2014,16
Baja California Sur,14,34,103.0,,6.0,5.0,,,4.0,2014,16
Campeche,13,51,165.0,1.0,7.0,9.0,,7.0,4.0,2014,16
Coahuila,43,110,376.0,8.0,46.0,48.0,2.0,5.0,15.0,2014,16
Colima,18,64,197.0,,14.0,25.0,1.0,1.0,3.0,2014,16
Chiapas,18,43,201.0,5.0,23.0,21.0,,5.0,9.0,2014,16
Chihuahua,107,175,714.0,9.0,48.0,60.0,4.0,8.0,21.0,2014,16
Distrito Federal,362,1007,2609.0,4.0,37.0,87.0,6.0,15.0,20.0,2014,16
Durango,43,88,308.0,,7.0,7.0,,2.0,3.0,2014,16
Guanajuato,23,27,135.0,,5.0,7.0,,,2.0,2014,16
Guerrero,11,43,132.0,4.0,23.0,15.0,2.0,4.0,8.0,2014,16
Hidalgo,32,67,268.0,4.0,31.0,29.0,,3.0,4.0,2014,16
Jalisco,84,145,519.0,9.0,16.0,21.0,1.0,3.0,5.0,2014,16
México,118,331,1274.0,14.0,102.0,80.0,4.0,23.0,26.0,2014,16
Michoacán,36,116,466.0,5.0,52.0,38.0,2.0,16.0,12.0,2014,16
Morelos,81,124,484.0,3.0,36.0,17.0,,3.0,8.0,2014,16
Nayarit,22,74,266.0,,15.0,9.0,,4.0,9.0,2014,16
Nuevo León,73,190,648.0,3.0,44.0,61.0,6.0,22.0,32.0,2014,16
Oaxaca,31,79,280.0,1.0,20.0,18.0,1.0,5.0,8.0,2014,16
Puebla,8,30,141.0,1.0,19.0,6.0,1.0,1.0,1.0,2014,16
Querétaro,6,28,64.0,4.0,5.0,3.0,,2.0,,2014,16
Quintana Roo,1,33,134.0,,11.0,13.0,,1.0,9.0,2014,16
San Luis Potosí,26,88,388.0,,7.0,10.0,,4.0,2.0,2014,16
Sinaloa,65,97,528.0,7.0,58.0,71.0,2.0,17.0,30.0,2014,16
Sonora,57,116,531.0,1.0,32.0,27.0,3.0,20.0,23.0,2014,16
Tabasco,22,94,277.0,,17.0,7.0,,2.0,6.0,2014,16
Tamaulipas,54,156,563.0,11.0,64.0,47.0,3.0,10.0,21.0,2014,16
Tlaxcala -,9,19,1.0,1.0,4.0,,,,,2014,16
Veracruz,62,221,899.0,4.0,36.0,33.0,2.0,11.0,34.0,2014,16
Yucatán,24,72,308.0,2.0,28.0,15.0,1.0,11.0,10.0,2014,16
Zacatecas,25,53,207.0,,3.0,2.0,,,1.0,2014,16
TOTAL,1523,3915,13758.0,103.0,845.0,838.0,42.0,215.0,352.0,2014,16
Aguascalientes,14,26,69.0,1.0,1.0,2.0,1.0,,2.0,2014,17
Baja California,32,130,525.0,3.0,33.0,43.0,3.0,10.0,24.0,2014,17
Baja California Sur,9,37,109.0,2.0,8.0,5.0,,,4.0,2014,17
Campeche,6,52,170.0,,7.0,9.0,,7.0,4.0,2014,17
Coahuila,18,114,390.0,2.0,47.0,49.0,3.0,8.0,15.0,2014,17
Colima,17,67,211.0,1.0,15.0,25.0,,1.0,3.0,2014,17
Chiapas,16,47,213.0,,23.0,21.0,2.0,7.0,9.0,2014,17
Chihuahua,64,193,760.0,12.0,51.0,69.0,2.0,9.0,22.0,2014,17
Distrito Federal,184,1060,2748.0,4.0,39.0,89.0,3.0,16.0,22.0,2014,17
Durango,5,89,312.0,,7.0,7.0,,2.0,3.0,2014,17
Guanajuato,12,28,146.0,,5.0,7.0,,,2.0,2014,17
Guerrero,3,44,134.0,2.0,24.0,16.0,,4.0,8.0,2014,17
Hidalgo,34,75,294.0,2.0,31.0,31.0,,3.0,4.0,2014,17
Jalisco,46,157,554.0,2.0,20.0,24.0,,3.0,5.0,2014,17
México,93,359,1339.0,7.0,105.0,84.0,2.0,23.0,28.0,2014,17
Michoacán,29,121,490.0,1.0,52.0,39.0,3.0,18.0,13.0,2014,17
Morelos,29,129,508.0,3.0,38.0,18.0,1.0,3.0,9.0,2014,17
Nayarit,9,76,273.0,,15.0,9.0,1.0,4.0,10.0,2014,17
Nuevo León,52,202,688.0,4.0,47.0,62.0,3.0,23.0,34.0,2014,17
Oaxaca,11,80,290.0,2.0,21.0,19.0,,5.0,8.0,2014,17
Puebla,7,33,145.0,,20.0,6.0,,1.0,1.0,2014,17
Querétaro,15,34,73.0,,5.0,3.0,,2.0,,2014,17
Quintana Roo,9,34,142.0,3.0,13.0,14.0,,1.0,9.0,2014,17
San Luis Potosí,19,91,404.0,1.0,7.0,11.0,,4.0,2.0,2014,17
Sinaloa,36,104,562.0,1.0,59.0,71.0,3.0,19.0,31.0,2014,17
Sonora,28,124,551.0,3.0,34.0,28.0,2.0,22.0,23.0,2014,17
Tabasco,18,99,290.0,3.0,19.0,8.0,,2.0,6.0,2014,17
Tamaulipas,34,161,592.0,3.0,64.0,50.0,1.0,11.0,21.0,2014,17
Tlaxcala,6,10,24.0,5.0,3.0,7.0,,,,2014,17
Veracruz,47,234,933.0,4.0,39.0,34.0,3.0,12.0,36.0,2014,17
Yucatán,12,75,317.0,2.0,30.0,15.0,1.0,11.0,11.0,2014,17
Zacatecas,21,57,224.0,1.0,4.0,2.0,1.0,,2.0,2014,17
TOTAL,935,4142,14480.0,74.0,886.0,877.0,35.0,231.0,371.0,2014,17
Aguascalientes,14,33,76.0,1.0,1.0,3.0,,,2.0,2014,18
Baja California,54,133,576.0,4.0,36.0,44.0,1.0,10.0,25.0,2014,18
Baja California Sur,16,40,122.0,,8.0,5.0,,,4.0,2014,18
Campeche,8,54,176.0,1.0,8.0,9.0,,7.0,4.0,2014,18
Coahuila,32,119,417.0,2.0,48.0,50.0,4.0,9.0,18.0,2014,18
Colima,24,71,231.0,1.0,16.0,25.0,1.0,1.0,4.0,2014,18
Chiapas,20,49,231.0,2.0,23.0,23.0,,7.0,9.0,2014,18
Chihuahua,94,219,828.0,7.0,53.0,74.0,4.0,9.0,26.0,2014,18
Distrito Federal,264,1131,2941.0,3.0,41.0,90.0,4.0,18.0,24.0,2014,18
Durango,33,95,339.0,6.0,11.0,9.0,,2.0,3.0,2014,18
Guanajuato -,28,146,,5.0,7.0,,,2.0,,2014,18
Guerrero,9,47,140.0,3.0,27.0,16.0,,4.0,8.0,2014,18
Hidalgo,40,84,325.0,2.0,32.0,32.0,,3.0,4.0,2014,18
Jalisco,60,175,595.0,9.0,24.0,29.0,7.0,7.0,8.0,2014,18
México,118,386,1430.0,14.0,112.0,91.0,,23.0,28.0,2014,18
Michoacán,42,127,526.0,11.0,60.0,42.0,1.0,19.0,13.0,2014,18
Morelos,61,142,556.0,2.0,38.0,20.0,,3.0,9.0,2014,18
Nayarit,35,86,298.0,2.0,15.0,11.0,1.0,5.0,10.0,2014,18
Nuevo León,67,221,736.0,6.0,51.0,64.0,6.0,27.0,36.0,2014,18
Oaxaca,30,86,314.0,1.0,22.0,19.0,1.0,6.0,8.0,2014,18
Puebla,25,35,168.0,1.0,21.0,6.0,,1.0,1.0,2014,18
Querétaro,15,38,84.0,,5.0,3.0,,2.0,,2014,18
Quintana Roo,16,36,156.0,2.0,14.0,15.0,3.0,2.0,11.0,2014,18
San Luis Potosí,42,103,434.0,7.0,11.0,14.0,,4.0,2.0,2014,18
Sinaloa,56,116,606.0,10.0,65.0,75.0,3.0,19.0,34.0,2014,18
Sonora,52,142,596.0,7.0,38.0,31.0,3.0,22.0,26.0,2014,18
Tabasco,30,107,312.0,1.0,19.0,9.0,,2.0,6.0,2014,18
Tamaulipas,41,172,622.0,12.0,71.0,55.0,2.0,12.0,22.0,2014,18
Tlaxcala,5,10,29.0,3.0,5.0,8.0,,,,2014,18
Veracruz,108,253,1022.0,12.0,48.0,37.0,3.0,14.0,37.0,2014,18
Yucatán,24,78,338.0,2.0,30.0,17.0,,11.0,11.0,2014,18
Zacatecas,22,60,243.0,4.0,8.0,2.0,,,2.0,2014,18
TOTAL,1457,4476,15613.0,138.0,966.0,935.0,44.0,249.0,397.0,2014,18
Aguascalientes,6,34,81.0,,1.0,3.0,,,2.0,2014,19
Baja California,34,142,601.0,8.0,40.0,48.0,2.0,11.0,26.0,2014,19
Baja California Sur,13,43,132.0,1.0,8.0,6.0,,,4.0,2014,19
Campeche,14,57,187.0,2.0,9.0,10.0,1.0,7.0,5.0,2014,19
Coahuila,35,124,447.0,9.0,51.0,56.0,2.0,9.0,20.0,2014,19
Colima,18,72,248.0,2.0,17.0,26.0,,1.0,4.0,2014,19
Chiapas,5,51,234.0,7.0,27.0,26.0,,7.0,9.0,2014,19
Chihuahua,80,242,885.0,9.0,56.0,80.0,,9.0,26.0,2014,19
Distrito Federal,200,1217,3128.0,3.0,42.0,92.0,4.0,22.0,24.0,2014,19
Durango,31,111,415.0,1.0,15.0,15.0,,3.0,5.0,2014,19
Guanajuato,8,31,151.0,,5.0,7.0,,,2.0,2014,19
Guerrero,10,49,149.0,5.0,31.0,17.0,2.0,4.0,10.0,2014,19
Hidalgo,27,88,348.0,5.0,36.0,33.0,,3.0,4.0,2014,19
Jalisco,62,192,641.0,4.0,26.0,31.0,,7.0,8.0,2014,19
México,95,403,1508.0,12.0,119.0,96.0,3.0,25.0,29.0,2014,19
Michoacán,43,139,556.0,9.0,66.0,45.0,1.0,20.0,13.0,2014,19
Morelos,47,148,597.0,3.0,41.0,20.0,2.0,3.0,11.0,2014,19
Nayarit,32,94,322.0,1.0,15.0,12.0,,5.0,10.0,2014,19
Nuevo León,51,232,776.0,9.0,54.0,70.0,5.0,28.0,40.0,2014,19
Oaxaca,11,90,323.0,3.0,24.0,20.0,1.0,7.0,8.0,2014,19
Puebla,14,40,181.0,1.0,22.0,7.0,1.0,1.0,3.0,2014,19
Querétaro,14,41,95.0,,5.0,3.0,,2.0,,2014,19
Quintana Roo,12,37,167.0,1.0,14.0,16.0,1.0,2.0,12.0,2014,19
San Luis Potosí,49,111,475.0,,11.0,14.0,2.0,6.0,2.0,2014,19
Sinaloa,29,124,627.0,9.0,69.0,80.0,4.0,20.0,37.0,2014,19
Sonora,44,151,631.0,1.0,39.0,31.0,4.0,23.0,29.0,2014,19
Tabasco,24,116,327.0,2.0,21.0,9.0,,2.0,6.0,2014,19
Tamaulipas,51,178,667.0,4.0,72.0,58.0,1.0,12.0,23.0,2014,19
Tlaxcala,4,12,31.0,2.0,7.0,8.0,,,,2014,19
Veracruz,34,265,1044.0,2.0,49.0,38.0,,14.0,37.0,2014,19
Yucatán,14,79,351.0,2.0,31.0,18.0,3.0,11.0,14.0,2014,19
Zacatecas,16,63,242.0,,7.0,2.0,,,2.0,2014,19
TOTAL,1127,4776,16567.0,117.0,1030.0,997.0,39.0,264.0,425.0,2014,19
Aguascalientes,11,35,91.0,,1.0,3.0,,,2.0,2014,20
Baja California,52,150,645.0,4.0,43.0,49.0,1.0,12.0,26.0,2014,20
Baja California Sur,17,45,147.0,,8.0,6.0,1.0,1.0,4.0,2014,20
Campeche,17,60,201.0,,9.0,10.0,,7.0,5.0,2014,20
Coahuila,41,133,479.0,9.0,56.0,60.0,1.0,9.0,21.0,2014,20
Colima,19,77,262.0,3.0,17.0,29.0,,1.0,4.0,2014,20
Chiapas,19,54,250.0,3.0,27.0,29.0,,7.0,9.0,2014,20
Chihuahua,61,253,936.0,8.0,59.0,85.0,2.0,9.0,28.0,2014,20
Distrito Federal,247,1286,3.0,306.0,,42.0,92.0,7.0,23.0,2014,20
Durango,35,117,444.0,1.0,16.0,15.0,,3.0,5.0,2014,20
Guanajuato,8,32,158.0,,5.0,7.0,,,2.0,2014,20
Guerrero,11,53,156.0,4.0,35.0,17.0,,4.0,10.0,2014,20
Hidalgo,21,91,366.0,2.0,36.0,35.0,1.0,4.0,4.0,2014,20
Jalisco,92,213,712.0,7.0,29.0,35.0,,7.0,8.0,2014,20
México,112,432,1591.0,19.0,131.0,103.0,1.0,26.0,29.0,2014,20
Michoacán,62,152,605.0,9.0,70.0,50.0,1.0,20.0,14.0,2014,20
Morelos,71,162,654.0,4.0,43.0,22.0,,3.0,11.0,2014,20
Nayarit,18,97,337.0,,15.0,12.0,1.0,6.0,10.0,2014,20
Nuevo León,73,251,830.0,11.0,64.0,71.0,5.0,30.0,43.0,2014,20
Oaxaca,27,93,347.0,3.0,25.0,22.0,,7.0,8.0,2014,20
Puebla,19,54,218.0,2.0,25.0,8.0,,1.0,3.0,2014,20
Querétaro,10,43,103.0,1.0,5.0,4.0,,2.0,,2014,20
Quintana Roo,6,39,171.0,1.0,14.0,17.0,,2.0,12.0,2014,20
San Luis Potosí,49,117,518.0,2.0,11.0,16.0,1.0,6.0,3.0,2014,20
Sinaloa,43,135,659.0,9.0,76.0,82.0,6.0,24.0,39.0,2014,20
Sonora,50,163,669.0,7.0,44.0,33.0,3.0,24.0,31.0,2014,20
Tabasco,8,118,334.0,2.0,22.0,10.0,,2.0,6.0,2014,20
Tamaulipas,47,186,706.0,9.0,74.0,65.0,,12.0,23.0,2014,20
Tlaxcala,5,14,34.0,,7.0,8.0,,,,2014,20
Veracruz,61,279,1091.0,1.0,50.0,38.0,2.0,15.0,38.0,2014,20
Yucatán,26,85,371.0,5.0,33.0,21.0,4.0,11.0,18.0,2014,20
Zacatecas,10,66,249.0,,7.0,2.0,,,2.0,2014,20
TOTAL,1348,5085,17640.0,126.0,1099.0,1056.0,37.0,278.0,448.0,2014,20
Aguascalientes,22,44,104.0,1.0,2.0,3.0,,,2.0,2014,21
Baja California,40,157,678.0,3.0,45.0,50.0,3.0,14.0,27.0,2014,21
Baja California Sur,17,48,161.0,,8.0,6.0,,1.0,4.0,2014,21
Campeche,14,63,212.0,1.0,10.0,10.0,3.0,7.0,8.0,2014,21
Coahuila,40,140,512.0,2.0,56.0,62.0,,9.0,21.0,2014,21
Colima,18,83,274.0,,17.0,29.0,1.0,2.0,4.0,2014,21
Chiapas,12,61,255.0,3.0,29.0,30.0,,7.0,9.0,2014,21
Chihuahua,78,274,993.0,7.0,62.0,89.0,5.0,10.0,32.0,2014,21
Distrito Federal,314,1345,3.0,561.0,,42.0,92.0,,23.0,2014,21
Durango,19,123,457.0,,16.0,15.0,,3.0,5.0,2014,21
Guanajuato,5,33,162.0,,5.0,7.0,,,2.0,2014,21
Guerrero,9,53,165.0,4.0,37.0,19.0,,4.0,10.0,2014,21
Hidalgo,33,94,396.0,2.0,38.0,35.0,1.0,5.0,4.0,2014,21
Jalisco,236,398,764.0,5.0,32.0,37.0,3.0,8.0,10.0,2014,21
México,105,459,1669.0,10.0,134.0,110.0,2.0,26.0,31.0,2014,21
Michoacán,77,165,669.0,3.0,72.0,51.0,,20.0,14.0,2014,21
Morelos,40,164,692.0,3.0,45.0,23.0,3.0,5.0,12.0,2014,21
Nayarit,25,101,358.0,1.0,15.0,13.0,2.0,6.0,12.0,2014,21
Nuevo León,71,263,889.0,7.0,68.0,74.0,5.0,34.0,44.0,2014,21
Oaxaca,37,98,379.0,4.0,27.0,24.0,2.0,8.0,9.0,2014,21
Puebla,11,56,227.0,,25.0,8.0,,1.0,3.0,2014,21
Querétaro,5,43,108.0,,5.0,4.0,,2.0,,2014,21
Quintana Roo,9,40,179.0,3.0,17.0,17.0,,2.0,12.0,2014,21
San Luis Potosí,57,134,558.0,,11.0,16.0,,6.0,3.0,2014,21
Sinaloa,37,144,687.0,3.0,76.0,85.0,2.0,25.0,40.0,2014,21
Sonora,51,167,716.0,7.0,45.0,39.0,2.0,25.0,32.0,2014,21
Tabasco,20,121,353.0,4.0,25.0,11.0,,2.0,6.0,2014,21
Tamaulipas,60,198,754.0,9.0,80.0,68.0,3.0,14.0,24.0,2014,21
Tlaxcala,8,19,37.0,1.0,8.0,8.0,1.0,,1.0,2014,21
Veracruz,87,312,1145.0,2.0,51.0,39.0,2.0,16.0,39.0,2014,21
Yucatán,35,90,401.0,4.0,35.0,23.0,4.0,11.0,22.0,2014,21
Zacatecas,22,72,265.0,,7.0,2.0,,,2.0,2014,21
TOTAL,1614,5562,18780.0,89.0,1145.0,1099.0,44.0,296.0,474.0,2014,21
Aguascalientes,14,49,113.0,,2.0,3.0,,,2.0,2014,22
Baja California,56,169,722.0,7.0,48.0,54.0,3.0,15.0,29.0,2014,22
Baja California Sur,19,52,176.0,1.0,9.0,6.0,,1.0,4.0,2014,22
Campeche,26,69,232.0,,10.0,10.0,,7.0,8.0,2014,22
Coahuila,32,148,536.0,8.0,59.0,67.0,4.0,10.0,24.0,2014,22
Colima,20,85,292.0,3.0,17.0,32.0,,2.0,4.0,2014,22
Chiapas,19,62,273.0,2.0,31.0,30.0,1.0,8.0,9.0,2014,22
Chihuahua,124,297,1094.0,5.0,65.0,91.0,2.0,12.0,32.0,2014,22
Distrito Federal,328,1441,3.0,805.0,,42.0,92.0,5.0,25.0,2014,22
Durango,25,129,476.0,1.0,17.0,15.0,,3.0,5.0,2014,22
Guanajuato,2,33,164.0,,5.0,7.0,,,2.0,2014,22
Guerrero,11,56,173.0,4.0,40.0,20.0,1.0,5.0,10.0,2014,22
Hidalgo,49,103,436.0,5.0,39.0,39.0,,5.0,4.0,2014,22
Jalisco,133,420,877.0,3.0,33.0,39.0,,8.0,10.0,2014,22
México,124,482,1770.0,10.0,140.0,114.0,8.0,31.0,34.0,2014,22
Michoacán,54,177,711.0,4.0,75.0,52.0,2.0,20.0,16.0,2014,22
Morelos,62,175,743.0,1.0,45.0,24.0,,5.0,12.0,2014,22
Nayarit,30,109,380.0,3.0,17.0,14.0,1.0,6.0,13.0,2014,22
Nuevo León,72,274,950.0,10.0,73.0,79.0,5.0,34.0,49.0,2014,22
Oaxaca,19,103,394.0,1.0,28.0,24.0,,8.0,9.0,2014,22
Puebla,15,62,247.0,1.0,28.0,9.0,,1.0,3.0,2014,22
Querétaro,9,46,114.0,,5.0,4.0,,2.0,,2014,22
Quintana Roo,9,43,185.0,1.0,18.0,17.0,,2.0,12.0,2014,22
San Luis Potosí,54,153,593.0,1.0,11.0,17.0,1.0,6.0,4.0,2014,22
Sinaloa,43,153,721.0,6.0,78.0,89.0,1.0,25.0,41.0,2014,22
Sonora,48,179,752.0,6.0,48.0,42.0,3.0,27.0,33.0,2014,22
Tabasco,18,124,368.0,1.0,26.0,11.0,,2.0,6.0,2014,22
Tamaulipas,71,213,814.0,13.0,87.0,74.0,4.0,15.0,27.0,2014,22
Tlaxcala -,19,37,,8.0,8.0,,,1.0,,2014,22
Veracruz,64,329,1192.0,1.0,51.0,40.0,,16.0,39.0,2014,22
Yucatán,33,95,429.0,3.0,36.0,25.0,1.0,11.0,23.0,2014,22
Zacatecas,27,77,287.0,1.0,8.0,2.0,,,2.0,2014,22
TOTAL,1610,5926,20056.0,102.0,1199.0,1150.0,42.0,312.0,501.0,2014,22
Aguascalientes,4,51,115.0,,2.0,3.0,,,2.0,2014,23
Baja California,53,176,768.0,4.0,49.0,57.0,2.0,17.0,29.0,2014,23
Baja California Sur,16,57,187.0,2.0,10.0,7.0,,1.0,4.0,2014,23
Campeche,21,72,250.0,,10.0,10.0,1.0,8.0,8.0,2014,23
Coahuila,43,153,574.0,12.0,64.0,74.0,3.0,12.0,25.0,2014,23
Colima,16,92,301.0,1.0,18.0,32.0,1.0,2.0,5.0,2014,23
Chiapas,22,66,291.0,3.0,33.0,31.0,,8.0,9.0,2014,23
Chihuahua,102,319,1174.0,3.0,66.0,93.0,,12.0,32.0,2014,23
Distrito Federal,295,1522,4020.0,5.0,44.0,95.0,3.0,26.0,36.0,2014,23
Durango,58,142,521.0,,17.0,15.0,2.0,3.0,7.0,2014,23
Guanajuato,11,34,174.0,3.0,7.0,8.0,,,2.0,2014,23
Guerrero,9,59,179.0,6.0,44.0,22.0,,5.0,10.0,2014,23
Hidalgo,38,109,470.0,7.0,42.0,43.0,1.0,6.0,4.0,2014,23
Jalisco,92,439,950.0,10.0,38.0,44.0,1.0,8.0,11.0,2014,23
México,119,509,1862.0,17.0,152.0,119.0,5.0,33.0,37.0,2014,23
Michoacán,65,188,766.0,4.0,78.0,53.0,3.0,21.0,18.0,2014,23
Morelos,48,182,784.0,5.0,47.0,27.0,4.0,6.0,15.0,2014,23
Nayarit,37,114,412.0,4.0,18.0,17.0,4.0,8.0,15.0,2014,23
Nuevo León,75,287,1012.0,7.0,76.0,83.0,3.0,34.0,52.0,2014,23
Oaxaca,29,112,414.0,,28.0,24.0,1.0,9.0,9.0,2014,23
Puebla,9,65,259.0,1.0,28.0,10.0,,1.0,3.0,2014,23
Querétaro,13,50,123.0,,5.0,4.0,,2.0,,2014,23
Quintana Roo,10,45,193.0,2.0,19.0,18.0,1.0,3.0,12.0,2014,23
San Luis Potosí,57,169,634.0,,11.0,17.0,1.0,6.0,5.0,2014,23
Sinaloa,63,169,768.0,7.0,80.0,94.0,6.0,27.0,45.0,2014,23
Sonora,50,185,800.0,1.0,48.0,43.0,4.0,30.0,34.0,2014,23
Tabasco,35,135,392.0,5.0,29.0,13.0,1.0,3.0,6.0,2014,23
Tamaulipas,83,230,880.0,9.0,93.0,77.0,3.0,17.0,28.0,2014,23
Tlaxcala,2,19,39.0,,8.0,8.0,,,1.0,2014,23
Veracruz,47,336,1.0,232.0,,51.0,40.0,,16.0,2014,23
Yucatán,28,98,454.0,5.0,40.0,26.0,,11.0,23.0,2014,23
Zacatecas,24,88,300.0,,8.0,2.0,,,2.0,2014,23
TOTAL,1574,6272,21298.0,123.0,1263.0,1209.0,50.0,335.0,528.0,2014,23
Aguascalientes,6,54,118.0,,2.0,3.0,,,2.0,2014,24
Baja California,58,189,818.0,3.0,50.0,59.0,6.0,17.0,35.0,2014,24
Baja California Sur,36,68,212.0,1.0,11.0,7.0,,1.0,4.0,2014,24
Campeche,26,85,263.0,1.0,11.0,10.0,,8.0,8.0,2014,24
Coahuila,37,161,603.0,3.0,66.0,75.0,1.0,12.0,26.0,2014,24
Colima,21,95,319.0,8.0,24.0,34.0,,2.0,5.0,2014,24
Chiapas,14,68,303.0,2.0,35.0,31.0,1.0,8.0,10.0,2014,24
Chihuahua,77,336,1243.0,12.0,71.0,100.0,2.0,12.0,34.0,2014,24
Distrito Federal,346,1620,4268.0,5.0,47.0,97.0,1.0,27.0,36.0,2014,24
Durango,29,152,540.0,1.0,18.0,15.0,,3.0,7.0,2014,24
Guanajuato,6,37,180.0,1.0,7.0,9.0,,,2.0,2014,24
Guerrero,8,60,186.0,8.0,48.0,26.0,2.0,6.0,11.0,2014,24
Hidalgo,31,117,493.0,3.0,45.0,43.0,,6.0,4.0,2014,24
Jalisco,80,464,1005.0,2.0,40.0,44.0,1.0,8.0,12.0,2014,24
México,164,546,1989.0,10.0,158.0,123.0,3.0,36.0,37.0,2014,24
Michoacán,89,207,836.0,7.0,82.0,56.0,4.0,23.0,20.0,2014,24
Morelos,31,186,811.0,1.0,48.0,27.0,,6.0,15.0,2014,24
Nayarit,33,117,442.0,2.0,19.0,18.0,2.0,9.0,16.0,2014,24
Nuevo León,81,312,1068.0,17.0,82.0,94.0,3.0,34.0,55.0,2014,24
Oaxaca,29,121,434.0,2.0,29.0,25.0,,9.0,9.0,2014,24
Puebla,12,71,275.0,1.0,30.0,12.0,,1.0,3.0,2014,24
Querétaro,4,51,126.0,,5.0,4.0,,2.0,,2014,24
Quintana Roo,12,48,202.0,3.0,21.0,19.0,,3.0,12.0,2014,24
San Luis Potosí,56,179,680.0,,11.0,17.0,1.0,6.0,6.0,2014,24
Sinaloa,47,179,805.0,6.0,83.0,97.0,2.0,29.0,45.0,2014,24
Sonora,50,199,836.0,8.0,52.0,47.0,2.0,32.0,34.0,2014,24
Tabasco,40,145,422.0,1.0,30.0,13.0,,3.0,6.0,2014,24
Tamaulipas,61,245,926.0,4.0,95.0,79.0,4.0,17.0,32.0,2014,24
Tlaxcala,4,20,42.0,1.0,9.0,8.0,,,1.0,2014,24
Veracruz,57,348,1277.0,16.0,57.0,50.0,2.0,16.0,41.0,2014,24
Yucatán,27,104,475.0,6.0,42.0,30.0,3.0,12.0,25.0,2014,24
Zacatecas,18,95,318.0,,9.0,2.0,,,2.0,2014,24
TOTAL,1590,6679,22515.0,135.0,1337.0,1274.0,40.0,348.0,555.0,2014,24
Aguascalientes,9,55,125.0,,2.0,3.0,,,2.0,2014,25
Campeche,18,91,275.0,2.0,12.0,11.0,,8.0,8.0,2014,25
Chihuahua,118,364,1344.0,3.0,74.0,100.0,5.0,13.0,38.0,2014,25
Distrito Federal,336,17134511,3.0,48.0,99.0,3.0,28.0,38.0,,2014,25
Guerrero -,60,186,,48.0,26.0,,6.0,11.0,,2014,25
Jalisco,105,4971080,5.0,43.0,46.0,1.0,8.0,13.0,,2014,25
México,146,5712110,10.0,162.0,129.0,2.0,37.0,38.0,,2014,25
Michoacán,87,229,901.0,5.0,84.0,59.0,4.0,24.0,23.0,2014,25
Morelos,51,193,855.0,9.0,51.0,33.0,1.0,7.0,15.0,2014,25
Nayarit,42,131,470.0,4.0,20.0,21.0,5.0,12.0,18.0,2014,25
Nuevo León,66,3221124,10.0,88.0,98.0,6.0,35.0,60.0,,2014,25
Oaxaca,18,121,453.0,2.0,32.0,25.0,1.0,10.0,9.0,2014,25
Querétaro,6,52,131.0,,5.0,4.0,,2.0,,2014,25
Quintana Roo,17,51,216.0,2.0,23.0,19.0,1.0,4.0,12.0,2014,25
San Luis Potosí,56,198,717.0,3.0,12.0,19.0,,6.0,6.0,2014,25
Tabasco,27,152,442.0,2.0,32.0,13.0,,3.0,6.0,2014,25
Tamaulipas,87,263,995.0,4.0,96.0,82.0,3.0,18.0,34.0,2014,25
Veracruz,73,3661332,10.0,61.0,56.0,,16.0,41.0,,2014,25
Yucatán,24,106,497.0,6.0,45.0,33.0,1.0,13.0,25.0,2014,25
Zacatecas,33,102,344.0,,9.0,2.0,,,2.0,2014,25
TOTAL,1690,7068,23848.0,117.0,1398.0,1331.0,48.0,367.0,584.0,2014,25
Aguascalientes,11,56,135.0,,2.0,3.0,,,2.0,2014,26
Campeche,14,93,287.0,,12.0,11.0,1.0,8.0,9.0,2014,26
Chihuahua,120,393,1435.0,11.0,78.0,107.0,2.0,15.0,38.0,2014,26
Distrito Federal,373,18174780,4.0,49.0,102.0,,28.0,38.0,,2014,26
Guerrero,13,65,207.0,9.0,57.0,31.0,,7.0,11.0,2014,26
Jalisco,127,5291176,1.0,43.0,47.0,,8.0,13.0,,2014,26
México,120,5942207,17.0,171.0,137.0,3.0,40.0,38.0,,2014,26
Michoacán,90,245,975.0,5.0,86.0,62.0,2.0,26.0,23.0,2014,26
Morelos,59,199,908.0,5.0,55.0,34.0,1.0,7.0,16.0,2014,26
Nayarit,23,135,489.0,3.0,21.0,23.0,2.0,13.0,19.0,2014,26
Nuevo León,76,3371185,11.0,93.0,104.0,6.0,38.0,63.0,,2014,26
Oaxaca,30,126,478.0,3.0,33.0,27.0,1.0,10.0,10.0,2014,26
Querétaro,20,56,147.0,,5.0,4.0,,2.0,,2014,26
Quintana Roo,13,54,226.0,2.0,24.0,20.0,,4.0,12.0,2014,26
San Luis Potosí,38,204,749.0,1.0,12.0,20.0,,6.0,6.0,2014,26
Tabasco,22,155,461.0,1.0,33.0,13.0,,3.0,6.0,2014,26
Tamaulipas,66,273,1051.0,7.0,99.0,86.0,4.0,20.0,36.0,2014,26
Veracruz,55,3761377,4.0,63.0,58.0,1.0,16.0,42.0,,2014,26
Yucatán,41,118,526.0,1.0,46.0,33.0,1.0,14.0,25.0,2014,26
Zacatecas,19,106,359.0,,9.0,2.0,,,2.0,2014,26
TOTAL,1698,7437,25193.0,127.0,1465.0,1396.0,41.0,386.0,607.0,2014,26
Aguascalientes,11,57,145.0,,2.0,3.0,,,2.0,2014,27
Campeche,15,96,299.0,,12.0,11.0,,8.0,9.0,2014,27
Chihuahua,119,426,1522.0,6.0,80.0,111.0,2.0,17.0,38.0,2014,27
Distrito Federal,376,19285045,5.0,50.0,106.0,4.0,29.0,41.0,,2014,27
Guerrero,17,69,220.0,6.0,62.0,32.0,,7.0,11.0,2014,27
Jalisco,86,5511246,4.0,45.0,49.0,,9.0,13.0,,2014,27
México,133,6212313,5.0,172.0,141.0,2.0,41.0,39.0,,2014,27
Michoacán,52,253,1018.0,3.0,87.0,64.0,2.0,26.0,25.0,2014,27
Morelos,42,203,946.0,7.0,59.0,37.0,4.0,9.0,18.0,2014,27
Nayarit,21,137,508.0,3.0,23.0,24.0,3.0,14.0,21.0,2014,27
Nuevo León,53,3491226,6.0,95.0,108.0,4.0,42.0,63.0,,2014,27
Oaxaca,36,136,507.0,2.0,34.0,28.0,,10.0,9.0,2014,27
Querétaro,6,58,151.0,,5.0,4.0,,2.0,,2014,27
Quintana Roo,11,55,236.0,4.0,25.0,23.0,1.0,4.0,13.0,2014,27
San Luis Potosí,42,217,778.0,,12.0,20.0,,6.0,6.0,2014,27
Tabasco,22,158,480.0,1.0,34.0,13.0,,3.0,6.0,2014,27
Tamaulipas,62,292,1094.0,11.0,105.0,91.0,1.0,20.0,37.0,2014,27
Veracruz,39,3861406,5.0,67.0,59.0,,16.0,42.0,,2014,27
Yucatán,28,129,543.0,3.0,47.0,35.0,1.0,15.0,25.0,2014,27
Zacatecas,27,117,382.0,,9.0,2.0,,,2.0,2014,27
TOTAL,1553,7825,26402.0,112.0,1520.0,1464.0,33.0,405.0,624.0,2014,27
Aguascalientes,17,65,158.0,,2.0,3.0,,,2.0,2014,28
Campeche,15,101,309.0,1.0,12.0,12.0,,8.0,9.0,2014,28
Chihuahua,75,441,1582.0,6.0,84.0,113.0,3.0,19.0,39.0,2014,28
Distrito Federal,294,20105257,2.0,52.0,106.0,2.0,29.0,43.0,,2014,28
Guerrero,14,71,232.0,3.0,63.0,34.0,,7.0,11.0,2014,28
Jalisco,79,4061301,5.0,48.0,51.0,1.0,9.0,14.0,,2014,28
México,127,6432418,18.0,178.0,153.0,1.0,42.0,39.0,,2014,28
Michoacán,73,274,1070.0,5.0,90.0,66.0,1.0,27.0,25.0,2014,28
Morelos,56,212,993.0,7.0,61.0,42.0,1.0,10.0,18.0,2014,28
Nayarit,28,145,528.0,2.0,25.0,24.0,2.0,15.0,22.0,2014,28
Nuevo León,68,3631280,6.0,97.0,112.0,7.0,45.0,67.0,,2014,28
Oaxaca,26,147,522.0,3.0,37.0,28.0,,10.0,9.0,2014,28
Querétaro,1,58,152.0,,5.0,4.0,,2.0,,2014,28
Quintana Roo,15,57,249.0,1.0,26.0,23.0,1.0,5.0,13.0,2014,28
San Luis Potosí,62,231,826.0,,12.0,20.0,,6.0,6.0,2014,28
Tabasco,31,166,504.0,5.0,37.0,15.0,,3.0,6.0,2014,28
Tamaulipas,66,305,1147.0,8.0,106.0,98.0,,20.0,37.0,2014,28
Veracruz,56,3931455,1.0,68.0,59.0,1.0,17.0,42.0,,2014,28
Yucatán,24,133,563.0,3.0,50.0,35.0,2.0,15.0,27.0,2014,28
Zacatecas,28,120,407.0,,9.0,2.0,,,2.0,2014,28
TOTAL,1471,7998,27543.0,115.0,1577.0,1524.0,43.0,421.0,651.0,2014,28
Aguascalientes,32,72,183.0,,2.0,3.0,,,2.0,2014,29
Campeche,33,111,332.0,,12.0,12.0,3.0,9.0,11.0,2014,29
Chihuahua,99,461,1661.0,5.0,87.0,115.0,2.0,21.0,39.0,2014,29
Distrito Federal,236,20775429,2.0,54.0,106.0,2.0,30.0,44.0,,2014,29
Guerrero,17,75,245.0,8.0,68.0,37.0,1.0,7.0,12.0,2014,29
Jalisco,161,4421426,19.0,60.0,58.0,9.0,12.0,20.0,,2014,29
México,139,6702530,16.0,188.0,159.0,3.0,43.0,41.0,,2014,29
Michoacán,49,281,1112.0,1.0,90.0,67.0,2.0,27.0,27.0,2014,29
Morelos,43,224,1.0,24.0,,61.0,42.0,,10.0,2014,29
Nayarit,41,151,563.0,3.0,28.0,24.0,6.0,15.0,28.0,2014,29
Nuevo León,71,3781336,4.0,100.0,113.0,6.0,50.0,68.0,,2014,29
Oaxaca,16,151,534.0,5.0,40.0,30.0,1.0,10.0,10.0,2014,29
Querétaro,9,60,159.0,,5.0,4.0,,2.0,,2014,29
Quintana Roo -,57,249,,26.0,23.0,,5.0,13.0,,2014,29
San Luis Potosí,28,236,849.0,2.0,13.0,21.0,,6.0,6.0,2014,29
Tabasco,22,170,522.0,3.0,40.0,15.0,1.0,3.0,7.0,2014,29
Tamaulipas,70,317,1205.0,9.0,110.0,103.0,1.0,20.0,38.0,2014,29
Veracruz,53,4021499,6.0,70.0,63.0,,17.0,42.0,,2014,29
Yucatán,34,141,589.0,2.0,51.0,36.0,,15.0,27.0,2014,29
Zacatecas,23,130,427.0,,9.0,2.0,,,2.0,2014,29
TOTAL,1495,8339,28707.0,128.0,1655.0,1574.0,51.0,439.0,684.0,2014,29
Aguascalientes,27,80,202.0,,2.0,3.0,1.0,,3.0,2014,30
Campeche,17,114,346.0,,12.0,12.0,,9.0,11.0,2014,30
Chihuahua,123,492,1754.0,7.0,90.0,119.0,2.0,22.0,40.0,2014,30
Distrito Federal,262,21395629,1.0,55.0,106.0,1.0,30.0,45.0,,2014,30
Guerrero,7,76,251.0,10.0,77.0,38.0,1.0,7.0,13.0,2014,30
Jalisco,74,4571488,7.0,64.0,61.0,,12.0,20.0,,2014,30
México,111,7002611,7.0,194.0,160.0,2.0,45.0,41.0,,2014,30
Michoacán,40,296,1.0,150.0,,94.0,67.0,,28.0,2014,30
Morelos,60,2311077,2.0,63.0,42.0,1.0,10.0,19.0,,2014,30
Nayarit,35,160,589.0,1.0,29.0,24.0,,15.0,28.0,2014,30
Nuevo León,64,3961390,4.0,104.0,113.0,2.0,50.0,70.0,,2014,30
Oaxaca,24,154,555.0,12.0,48.0,34.0,,10.0,10.0,2014,30
Querétaro,11,64,166.0,,5.0,4.0,,2.0,,2014,30
Quintana Roo,4,57,253.0,,26.0,23.0,,5.0,13.0,2014,30
San Luis Potosí,27,242,870.0,,13.0,21.0,1.0,7.0,6.0,2014,30
Tabasco,15,171,529.0,,38.0,15.0,,3.0,7.0,2014,30
Tamaulipas,70,339,1253.0,9.0,116.0,106.0,3.0,22.0,39.0,2014,30
Veracruz,36,4121525,4.0,72.0,65.0,,17.0,42.0,,2014,30
Yucatán,46,153,623.0,2.0,52.0,37.0,,15.0,27.0,2014,30
Zacatecas,19,136,442.0,,9.0,2.0,,,2.0,2014,30
TOTAL,1391,8658,29814.0,100.0,1724.0,1608.0,21.0,449.0,696.0,2014,30
Aguascalientes,50,97,235.0,,2.0,3.0,,,3.0,2014,31
Campeche,11,116,355.0,1.0,12.0,13.0,,9.0,11.0,2014,31
Chihuahua,99,511,1834.0,4.0,92.0,121.0,2.0,22.0,42.0,2014,31
Distrito Federal,263,22145818,6.0,58.0,109.0,4.0,32.0,47.0,,2014,31
Guerrero,15,79,263.0,4.0,80.0,39.0,,7.0,13.0,2014,31
Jalisco,99,4861558,4.0,66.0,63.0,1.0,12.0,21.0,,2014,31
México,126,7262711,9.0,200.0,163.0,6.0,47.0,45.0,,2014,31
Michoacán,34,303,1177.0,2.0,94.0,69.0,,28.0,27.0,2014,31
Morelos,62,2411129,8.0,67.0,46.0,1.0,10.0,20.0,,2014,31
Nayarit,38,166,621.0,1.0,30.0,24.0,5.0,18.0,30.0,2014,31
Nuevo León,52,4021436,5.0,106.0,116.0,4.0,52.0,72.0,,2014,31
Oaxaca,15,157,567.0,4.0,51.0,36.0,,10.0,10.0,2014,31
Querétaro,7,66,171.0,,5.0,4.0,,2.0,,2014,31
Quintana Roo,4,58,256.0,1.0,27.0,23.0,,5.0,13.0,2014,31
San Luis Potosí,33,249,896.0,,13.0,21.0,,7.0,6.0,2014,31
Tabasco,22,173,549.0,2.0,40.0,15.0,,3.0,7.0,2014,31
Tamaulipas,89,360,1322.0,7.0,121.0,110.0,2.0,22.0,41.0,2014,31
Veracruz,61,4251573,2.0,74.0,65.0,,17.0,42.0,,2014,31
Yucatán,26,158,644.0,4.0,54.0,39.0,1.0,16.0,27.0,2014,31
Zacatecas,14,139,453.0,1.0,10.0,2.0,,,2.0,2014,31
TOTAL,1429,8991,30916.0,100.0,1779.0,1656.0,40.0,465.0,720.0,2014,31
Aguascalientes,17,100,251.0,,2.0,3.0,,,3.0,2014,32
Campeche,20,120,371.0,,12.0,13.0,,9.0,11.0,2014,32
Chihuahua,117,541,1921.0,11.0,97.0,127.0,,22.0,42.0,2014,32
Distrito Federal,186,22545957,7.0,61.0,113.0,1.0,32.0,48.0,,2014,32
Guerrero,17,81,278.0,6.0,86.0,40.0,,7.0,13.0,2014,32
Jalisco,82,5111617,16.0,73.0,72.0,6.0,14.0,25.0,,2014,32
México,108,7442801,11.0,206.0,168.0,7.0,53.0,46.0,,2014,32
Michoacán,23,307,1.0,198.0,,94.0,69.0,,28.0,2014,32
Morelos,36,2531153,6.0,72.0,47.0,2.0,11.0,21.0,,2014,32
Nayarit,32,178,641.0,2.0,31.0,25.0,,18.0,30.0,2014,32
Nuevo León,57,4081487,4.0,107.0,119.0,5.0,57.0,72.0,,2014,32
Oaxaca,20,160,587.0,3.0,54.0,37.0,,10.0,10.0,2014,32
Querétaro,12,69,180.0,,5.0,4.0,,2.0,,2014,32
Quintana Roo,3,60,257.0,,27.0,23.0,,5.0,13.0,2014,32
San Luis Potosí,25,258,912.0,1.0,13.0,22.0,,7.0,6.0,2014,32
Tabasco,23,177,568.0,2.0,41.0,16.0,,3.0,7.0,2014,32
Tamaulipas,67,370,1379.0,11.0,126.0,116.0,3.0,24.0,42.0,2014,32
Veracruz,32,4271603,2.0,74.0,67.0,,17.0,42.0,,2014,32
Yucatán,26,164,664.0,1.0,55.0,39.0,2.0,17.0,28.0,2014,32
Zacatecas,9,141,460.0,,10.0,2.0,,,2.0,2014,32
TOTAL,1194,9240,31866.0,111.0,1840.0,1708.0,35.0,483.0,737.0,2014,32
Aguascalientes,45,114,286.0,,2.0,4.0,,,3.0,2014,33
Campeche,18,123,386.0,,12.0,13.0,2.0,9.0,13.0,2014,33
Chihuahua,95,556,2002.0,8.0,102.0,130.0,1.0,22.0,43.0,2014,33
Distrito Federal,235,22976150,9.0,63.0,120.0,1.0,33.0,48.0,,2014,33
Guerrero,13,84,288.0,4.0,89.0,41.0,,7.0,13.0,2014,33
Jalisco,60,5281660,3.0,76.0,72.0,3.0,14.0,28.0,,2014,33
México,136,7772971,8.0,212.0,170.0,3.0,53.0,49.0,,2014,33
Michoacán,38,313,1230.0,4.0,95.0,72.0,,28.0,27.0,2014,33
Morelos,58,2651199,3.0,75.0,47.0,,11.0,21.0,,2014,33
Nayarit,36,194,660.0,2.0,32.0,26.0,1.0,18.0,31.0,2014,33
Nuevo León,71,4311550,7.0,113.0,120.0,2.0,58.0,73.0,,2014,33
Oaxaca,22,167,604.0,2.0,54.0,39.0,,10.0,10.0,2014,33
Querétaro,6,69,186.0,,5.0,4.0,,2.0,,2014,33
Quintana Roo,5,61,261.0,,27.0,23.0,,5.0,13.0,2014,33
San Luis Potosí,49,270,949.0,1.0,13.0,23.0,,7.0,6.0,2014,33
Tabasco,24,179,590.0,,41.0,16.0,,3.0,7.0,2014,33
Tamaulipas,50,379,1420.0,9.0,131.0,120.0,3.0,24.0,45.0,2014,33
Veracruz,52,4371645,7.0,77.0,71.0,,17.0,42.0,,2014,33
Yucatán,26,168,686.0,2.0,57.0,39.0,1.0,18.0,28.0,2014,33
Zacatecas,16,145,472.0,1.0,11.0,2.0,,,2.0,2014,33
TOTAL,1318,9542,33025.0,108.0,1909.0,1761.0,26.0,490.0,757.0,2014,33
Aguascalientes,43,131,317.0,1.0,3.0,5.0,,,3.0,2014,34
Campeche,23,128,404.0,1.0,13.0,13.0,1.0,9.0,14.0,2014,34
Chihuahua,119,581,2096.0,10.0,106.0,136.0,2.0,22.0,45.0,2014,34
Distrito Federal,233,23466332,7.0,66.0,124.0,,33.0,48.0,,2014,34
Guerrero,10,86,296.0,,89.0,41.0,,7.0,13.0,2014,34
Jalisco,62,541,1.0,711.0,,76.0,73.0,2.0,15.0,2014,34
México,163,8223120,7.0,221.0,178.0,3.0,60.0,49.0,,2014,34
Michoacán,48,320,1271.0,3.0,96.0,74.0,,28.0,27.0,2014,34
Morelos,68,233,995.0,6.0,26.0,15.0,3.0,3.0,11.0,2014,34
Nayarit,32,201,693.0,4.0,35.0,27.0,3.0,20.0,32.0,2014,34
Nuevo León,84,4561616,6.0,115.0,124.0,4.0,60.0,75.0,,2014,34
Oaxaca,13,153,586.0,2.0,54.0,40.0,,10.0,10.0,2014,34
Querétaro,12,72,195.0,,5.0,4.0,,2.0,,2014,34
Quintana Roo,3,61,264.0,,27.0,23.0,,5.0,13.0,2014,34
San Luis Potosí,66,294,991.0,1.0,13.0,24.0,,7.0,6.0,2014,34
Tabasco,17,183,608.0,,41.0,16.0,,3.0,7.0,2014,34
Tamaulipas,89,411,1517.0,8.0,139.0,133.0,1.0,27.0,47.0,2014,34
Veracruz,57,4511688,1.0,78.0,71.0,,17.0,42.0,,2014,34
Yucatán,30,173,711.0,2.0,59.0,39.0,2.0,18.0,30.0,2014,34
Zacatecas,28,152,493.0,1.0,12.0,2.0,,,2.0,2014,34
TOTAL,1551,9841,34036.0,92.0,1916.0,1785.0,36.0,502.0,768.0,2014,34
Aguascalientes,17,136,329.0,,3.0,5.0,1.0,1.0,3.0,2014,35
Campeche,14,112,303.0,,3.0,2.0,1.0,3.0,9.0,2014,35
Chihuahua,106,603,2176.0,8.0,111.0,139.0,6.0,27.0,46.0,2014,35
Distrito Federal,278,24106561,4.0,67.0,127.0,1.0,34.0,48.0,,2014,35
Guerrero,14,89,307.0,3.0,92.0,41.0,,7.0,13.0,2014,35
Jalisco,93,5691780,8.0,80.0,77.0,3.0,16.0,31.0,,2014,35
México,130,8403232,14.0,230.0,183.0,6.0,61.0,54.0,,2014,35
Michoacán,88,336,1343.0,1.0,96.0,75.0,,28.0,27.0,2014,35
Morelos,60,2461042,6.0,30.0,17.0,,3.0,11.0,,2014,35
Nayarit,26,210,710.0,1.0,35.0,28.0,2.0,22.0,32.0,2014,35
Nuevo León,74,4711675,15.0,123.0,131.0,5.0,62.0,78.0,,2014,35
Oaxaca,30,158,611.0,5.0,58.0,41.0,1.0,10.0,11.0,2014,35
Querétaro,15,77,205.0,,5.0,4.0,,2.0,,2014,35
Quintana Roo -,64,275,,28.0,26.0,,5.0,14.0,,2014,35
San Luis Potosí,58,299,1034.0,2.0,13.0,26.0,2.0,8.0,7.0,2014,35
Tabasco,28,187,632.0,,41.0,16.0,1.0,3.0,8.0,2014,35
Tamaulipas,78,429,1577.0,4.0,141.0,135.0,,27.0,47.0,2014,35
Veracruz,64,3671485,1.0,72.0,63.0,,16.0,36.0,,2014,35
Yucatán,40,175,749.0,2.0,60.0,40.0,,18.0,30.0,2014,35
Zacatecas,21,160,506.0,,12.0,2.0,,,2.0,2014,35
TOTAL,1588,10071,35040.0,115.0,1963.0,1817.0,38.0,509.0,777.0,2014,35
Aguascalientes,18,137,350.0,,3.0,5.0,,1.0,3.0,2014,36
Campeche,20,117,318.0,,3.0,2.0,1.0,3.0,10.0,2014,36
Chihuahua,125,634,2270.0,6.0,114.0,142.0,4.0,28.0,49.0,2014,36
Distrito Federal,214,24656722,3.0,69.0,128.0,,34.0,48.0,,2014,36
Guerrero,10,92,314.0,4.0,95.0,42.0,6.0,10.0,16.0,2014,36
Jalisco,78,5871840,10.0,84.0,83.0,1.0,17.0,31.0,,2014,36
México,159,8703326,9.0,235.0,187.0,5.0,63.0,57.0,,2014,36
Michoacán,54,353,1384.0,1.0,97.0,75.0,,28.0,27.0,2014,36
Morelos,41,2581071,10.0,35.0,22.0,1.0,4.0,11.0,,2014,36
Nayarit,55,221,754.0,1.0,36.0,28.0,2.0,22.0,34.0,2014,36
Nuevo León,91,4871750,6.0,128.0,132.0,3.0,63.0,80.0,,2014,36
Oaxaca,23,161,635.0,5.0,64.0,44.0,,10.0,11.0,2014,36
Querétaro,18,82,217.0,,5.0,4.0,1.0,2.0,1.0,2014,36
Quintana Roo,3,65,277.0,,28.0,26.0,,5.0,14.0,2014,36
San Luis Potosí,59,312,1080.0,3.0,13.0,29.0,,8.0,7.0,2014,36
Tabasco,12,188,643.0,,41.0,16.0,,3.0,8.0,2014,36
Tamaulipas,67,443,1630.0,6.0,145.0,137.0,2.0,29.0,47.0,2014,36
Veracruz,42,3781516,5.0,75.0,65.0,,16.0,36.0,,2014,36
Yucatán,53,184,793.0,3.0,61.0,42.0,1.0,19.0,30.0,2014,36
Zacatecas,26,166,526.0,1.0,12.0,3.0,,,2.0,2014,36
TOTAL,1501,10413,36201.0,106.0,2021.0,1867.0,36.0,526.0,794.0,2014,36
Aguascalientes,35,149,373.0,1.0,4.0,5.0,,1.0,3.0,2014,37
Campeche,13,120,328.0,,3.0,2.0,1.0,4.0,10.0,2014,37
Chihuahua,162,672,2.0,394.0,,114.0,142.0,3.0,29.0,2014,37
Distrito Federal,250,2,523.0,6.0,914.0,,69.0,128.0,1.0,2014,37
Guerrero,8,93,321.0,2.0,95.0,44.0,,10.0,16.0,2014,37
Jalisco,87,6201894,2.0,86.0,83.0,2.0,18.0,32.0,,2014,37
México,148,9013443,13.0,240.0,195.0,4.0,64.0,60.0,,2014,37
Michoacán,46,361,1.0,422.0,,97.0,75.0,,28.0,2014,37
Morelos,49,265,1.0,113.0,,35.0,22.0,,4.0,2014,37
Nayarit,51,233,793.0,5.0,39.0,30.0,3.0,22.0,37.0,2014,37
Nuevo León,74,4991812,8.0,133.0,135.0,6.0,67.0,82.0,,2014,37
Oaxaca,25,164,657.0,3.0,66.0,45.0,,10.0,11.0,2014,37
Querétaro,11,84,226.0,,5.0,4.0,,2.0,1.0,2014,37
Quintana Roo,2,65,279.0,,28.0,26.0,,5.0,14.0,2014,37
San Luis Potosí,75,330,1.0,137.0,,13.0,29.0,1.0,9.0,2014,37
Tabasco,26,195,662.0,,41.0,16.0,,3.0,8.0,2014,37
Tamaulipas,69,459,1683.0,6.0,150.0,138.0,2.0,30.0,48.0,2014,37
Veracruz,146,4071633,7.0,80.0,67.0,5.0,18.0,39.0,,2014,37
Yucatán,5,184,798.0,,61.0,42.0,,19.0,30.0,2014,37
Zacatecas,18,171,539.0,,12.0,3.0,,,2.0,2014,37
TOTAL,1609,10772,37464.0,71.0,2061.0,1901.0,36.0,542.0,815.0,2014,37
Aguascalientes,17,155,385.0,,4.0,5.0,,1.0,3.0,2014,38
Campeche,4,121,331.0,1.0,4.0,2.0,,4.0,10.0,2014,38
Chihuahua,98,697,2467.0,3.0,115.0,144.0,3.0,30.0,53.0,2014,38
Distrito Federal,222,25987066,4.0,69.0,86.0,1.0,35.0,49.0,,2014,38
Guerrero,16,95,340.0,5.0,97.0,50.0,1.0,12.0,16.0,2014,38
Jalisco,75,6321957,7.0,91.0,85.0,3.0,19.0,34.0,,2014,38
México,150,9343560,14.0,247.0,202.0,5.0,66.0,63.0,,2014,38
Michoacán,53,370,1466.0,3.0,98.0,77.0,2.0,29.0,28.0,2014,38
Morelos,49,2741166,5.0,42.0,27.0,,4.0,14.0,,2014,38
Nayarit,30,239,817.0,1.0,40.0,30.0,2.0,22.0,39.0,2014,38
Nuevo León,52,5181845,7.0,137.0,138.0,4.0,70.0,83.0,,2014,38
Oaxaca,29,175,679.0,5.0,69.0,47.0,,10.0,11.0,2014,38
Querétaro,15,87,254.0,,8.0,4.0,,2.0,2.0,2014,38
Quintana Roo,3,66,281.0,,28.0,26.0,,5.0,14.0,2014,38
San Luis Potosí,67,343,1.0,191.0,,13.0,29.0,1.0,9.0,2014,38
Tabasco,28,195,692.0,1.0,41.0,17.0,,3.0,8.0,2014,38
Tamaulipas,78,474,1746.0,7.0,154.0,141.0,4.0,31.0,51.0,2014,38
Veracruz,114,4271727,16.0,89.0,74.0,1.0,19.0,39.0,,2014,38
Yucatán,26,199,834.0,2.0,65.0,43.0,3.0,20.0,32.0,2014,38
Zacatecas,23,174,559.0,,12.0,3.0,,,2.0,2014,38
TOTAL,1464,11110,38636.0,125.0,2137.0,1922.0,39.0,558.0,843.0,2014,38
Aguascalientes,16,158,401.0,,4.0,5.0,,1.0,3.0,2014,39
Campeche,10,123,339.0,,4.0,2.0,,4.0,10.0,2014,39
Chihuahua,90,723,2.0,531.0,,115.0,144.0,1.0,31.0,2014,39
Distrito Federal,249,26627252,1.0,70.0,86.0,,35.0,49.0,,2014,39
Guerrero,12,96,351.0,3.0,98.0,52.0,,12.0,16.0,2014,39
Jalisco,76,6532012,3.0,92.0,87.0,1.0,20.0,34.0,,2014,39
México,96,9613663,9.0,254.0,204.0,2.0,67.0,64.0,,2014,39
Michoacán,38,377,1497.0,1.0,98.0,78.0,,29.0,28.0,2014,39
Morelos,76,2811235,4.0,44.0,29.0,2.0,5.0,15.0,,2014,39
Nayarit,26,245,837.0,4.0,41.0,33.0,1.0,23.0,39.0,2014,39
Nuevo León,45,5261882,4.0,138.0,141.0,3.0,71.0,85.0,,2014,39
Oaxaca,36,189,703.0,3.0,71.0,48.0,,10.0,11.0,2014,39
Querétaro,8,91,258.0,,8.0,4.0,,2.0,2.0,2014,39
Quintana Roo,2,68,281.0,,28.0,26.0,,5.0,14.0,2014,39
San Luis Potosí,63,363,1234.0,3.0,14.0,31.0,1.0,9.0,9.0,2014,39
Tabasco,18,196,709.0,1.0,42.0,17.0,,3.0,8.0,2014,39
Tamaulipas,56,489,1787.0,3.0,156.0,142.0,2.0,32.0,52.0,2014,39
Veracruz,35,4341755,9.0,94.0,78.0,3.0,19.0,42.0,,2014,39
Yucatán,37,210,860.0,3.0,66.0,45.0,1.0,20.0,33.0,2014,39
Zacatecas,17,177,573.0,,12.0,3.0,,,2.0,2014,39
TOTAL,1288,11426,39667.0,70.0,2177.0,1955.0,25.0,569.0,857.0,2014,39
Aguascalientes,16,162,413.0,,4.0,5.0,,1.0,3.0,2014,40
Campeche,17,131,348.0,1.0,4.0,3.0,4.0,8.0,10.0,2014,40
Chihuahua,162,756,2660.0,5.0,116.0,148.0,2.0,31.0,55.0,2014,40
Distrito Federal,263,27387439,2.0,72.0,86.0,1.0,35.0,50.0,,2014,40
Guerrero,38,100,387.0,10.0,100.0,60.0,1.0,13.0,16.0,2014,40
Jalisco,92,6772080,11.0,99.0,91.0,,20.0,34.0,,2014,40
México,133,9913766,6.0,258.0,206.0,1.0,68.0,64.0,,2014,40
Michoacán,65,393,1546.0,2.0,100.0,78.0,,29.0,28.0,2014,40
Morelos,49,2841281,6.0,48.0,31.0,2.0,5.0,17.0,,2014,40
Nayarit,30,249,863.0,5.0,43.0,36.0,1.0,24.0,39.0,2014,40
Nuevo León,76,5401944,4.0,141.0,142.0,2.0,72.0,86.0,,2014,40
Oaxaca,34,197,730.0,7.0,77.0,49.0,,10.0,11.0,2014,40
Querétaro,16,95,270.0,,8.0,4.0,,2.0,2.0,2014,40
Quintana Roo,1,68,282.0,,28.0,26.0,,5.0,14.0,2014,40
San Luis Potosí,41,376,1.0,262.0,,14.0,31.0,2.0,9.0,2014,40
Tabasco,14,201,718.0,4.0,45.0,18.0,,3.0,8.0,2014,40
Tamaulipas,60,501,1835.0,7.0,161.0,144.0,,32.0,52.0,2014,40
Veracruz,83,4501822,11.0,98.0,85.0,4.0,20.0,45.0,,2014,40
Yucatán,30,221,879.0,1.0,67.0,45.0,,20.0,33.0,2014,40
Zacatecas,22,181,591.0,1.0,13.0,3.0,,,2.0,2014,40
TOTAL,1656,11800,40985.0,109.0,2242.0,2004.0,30.0,581.0,875.0,2014,40
Aguascalientes,24,170,430.0,,4.0,5.0,,1.0,3.0,2014,41
Baja California,22,289,1.0,168.0,,66.0,82.0,,20.0,2014,41
Baja California Sur,9,132,426.0,,18.0,14.0,,5.0,4.0,2014,41
Campeche,16,133,362.0,,4.0,3.0,,8.0,10.0,2014,41
Coahuila,46,312,1201.0,4.0,123.0,127.0,5.0,23.0,48.0,2014,41
Colima,15,146,531.0,3.0,45.0,50.0,1.0,3.0,10.0,2014,41
Chiapas,72,141,788.0,3.0,85.0,55.0,,16.0,22.0,2014,41
Chihuahua,126,792,2750.0,3.0,117.0,150.0,1.0,31.0,56.0,2014,41
Distrito Federal,191,2802,7566.0,5.0,74.0,89.0,,35.0,50.0,2014,41
Durango,45,292,1.0,151.0,,34.0,29.0,,6.0,2014,41
Guanajuato,8,74,311.0,,11.0,12.0,,,2.0,2014,41
Guerrero,9,101,395.0,1.0,100.0,61.0,,13.0,16.0,2014,41
Hidalgo,28,233,1012.0,7.0,73.0,74.0,1.0,7.0,10.0,2014,41
Jalisco,110,699,2168.0,3.0,101.0,92.0,4.0,22.0,36.0,2014,41
México,121,1016,3862.0,11.0,261.0,214.0,3.0,69.0,66.0,2014,41
Michoacán,39,403,1575.0,9.0,109.0,78.0,,29.0,28.0,2014,41
Morelos,28,287,1.0,307.0,,48.0,31.0,,5.0,2014,41
Nayarit,28,257,893.0,2.0,45.0,36.0,,24.0,40.0,2014,41
Nuevo León,60,560,1984.0,7.0,147.0,143.0,4.0,73.0,89.0,2014,41
Oaxaca,20,204,747.0,3.0,78.0,51.0,1.0,10.0,12.0,2014,41
Puebla,33,197,707.0,2.0,64.0,56.0,,2.0,9.0,2014,41
Querétaro,12,98,279.0,,8.0,4.0,,2.0,2.0,2014,41
Quintana Roo,1,68,283.0,,28.0,26.0,,5.0,14.0,2014,41
San Luis Potosí,87,395,1.0,330.0,,14.0,31.0,,9.0,2014,41
Sinaloa,61,348,1487.0,8.0,146.0,152.0,10.0,56.0,89.0,2014,41
Sonora,26,371,1.0,313.0,,82.0,69.0,,43.0,2014,41
Tabasco,29,207,741.0,,45.0,18.0,,3.0,8.0,2014,41
Tamaulipas,44,513,1867.0,5.0,166.0,144.0,3.0,33.0,54.0,2014,41
Tlaxcala,6,31,94.0,,12.0,11.0,,,2.0,2014,41
Veracruz,50,454,1868.0,5.0,103.0,85.0,1.0,21.0,45.0,2014,41
Yucatán,12,225,887.0,,67.0,45.0,,20.0,33.0,2014,41
Zacatecas,12,184,600.0,1.0,13.0,4.0,,,2.0,2014,41
TOTAL,1390,12134,42083.0,82.0,2291.0,2041.0,34.0,594.0,897.0,2014,41
Aguascalientes,30,182,455.0,,4.0,5.0,,1.0,3.0,2014,42
Baja California,14,292,1179.0,1.0,67.0,82.0,1.0,20.0,51.0,2014,42
Baja California Sur,9,133,445.0,1.0,19.0,14.0,1.0,5.0,5.0,2014,42
Campeche,17,137,375.0,3.0,4.0,6.0,2.0,8.0,12.0,2014,42
Coahuila,40,324,1229.0,5.0,125.0,130.0,,23.0,48.0,2014,42
Colima,9,151,535.0,3.0,46.0,52.0,,3.0,10.0,2014,42
Chiapas,24,145,808.0,7.0,90.0,57.0,1.0,17.0,22.0,2014,42
Chihuahua,113,817,2.0,838.0,,117.0,150.0,3.0,34.0,2014,42
Distrito Federal,181,2854,7695.0,1.0,74.0,90.0,2.0,36.0,51.0,2014,42
Durango,53,305,1191.0,5.0,35.0,33.0,,6.0,10.0,2014,42
Guanajuato,20,81,324.0,1.0,11.0,13.0,,,2.0,2014,42
Guerrero,11,101,406.0,2.0,100.0,63.0,,13.0,16.0,2014,42
Hidalgo,43,247,1056.0,4.0,78.0,80.0,,7.0,12.0,2014,42
Jalisco,91,720,2238.0,7.0,102.0,98.0,1.0,23.0,36.0,2014,42
México,126,1052,3952.0,10.0,267.0,218.0,2.0,70.0,67.0,2014,42
Michoacán,66,418,1626.0,3.0,111.0,79.0,,29.0,28.0,2014,42
Morelos,57,296,1.0,355.0,,48.0,31.0,,5.0,2014,42
Nayarit,39,275,914.0,7.0,50.0,38.0,1.0,24.0,41.0,2014,42
Nuevo León,51,565,2030.0,11.0,152.0,149.0,4.0,74.0,92.0,2014,42
Oaxaca,15,211,759.0,6.0,81.0,55.0,,10.0,12.0,2014,42
Puebla,37,211,743.0,2.0,68.0,58.0,1.0,2.0,10.0,2014,42
Querétaro,8,98,287.0,,8.0,4.0,,2.0,2.0,2014,42
Quintana Roo,2,68,285.0,,28.0,26.0,,5.0,14.0,2014,42
San Luis Potosí,67,414,1.0,378.0,,14.0,31.0,2.0,9.0,2014,42
Sinaloa,52,360,1529.0,4.0,146.0,156.0,1.0,57.0,89.0,2014,42
Sonora,27,378,1.0,333.0,,82.0,69.0,,43.0,2014,42
Tabasco,29,211,766.0,,45.0,18.0,,3.0,8.0,2014,42
Tamaulipas,74,536,1918.0,10.0,171.0,149.0,4.0,35.0,56.0,2014,42
Tlaxcala,4,32,97.0,,12.0,11.0,,,2.0,2014,42
Veracruz,64,468,1918.0,6.0,107.0,87.0,3.0,21.0,48.0,2014,42
Yucatán,14,227,899.0,,67.0,45.0,,20.0,33.0,2014,42
Zacatecas,20,190,614.0,1.0,14.0,4.0,,,2.0,2014,42
TOTAL,1407,12499,43177.0,100.0,2343.0,2101.0,29.0,605.0,917.0,2014,42
Aguascalientes,26,190,475.0,1.0,4.0,6.0,1.0,1.0,4.0,2014,43
Campeche,21,143,390.0,1.0,5.0,6.0,,8.0,12.0,2014,43
Chihuahua,119,848,2926.0,2.0,118.0,151.0,16.0,42.0,64.0,2014,43
Distrito Federal,289,29297909,4.0,77.0,91.0,2.0,38.0,51.0,,2014,43
Guerrero,12,103,416.0,1.0,101.0,63.0,,13.0,16.0,2014,43
Jalisco,103,7432318,3.0,103.0,100.0,3.0,24.0,38.0,,2014,43
México,78,10664016,10.0,273.0,222.0,1.0,70.0,68.0,,2014,43
Michoacán,71,435,1.0,680.0,,111.0,79.0,12.0,41.0,2014,43
Morelos,36,301,1.0,386.0,,48.0,31.0,,5.0,2014,43
Nayarit,39,286,942.0,,50.0,38.0,1.0,24.0,42.0,2014,43
Nuevo León,68,5832080,7.0,156.0,152.0,3.0,76.0,93.0,,2014,43
Oaxaca,33,220,784.0,,81.0,55.0,1.0,11.0,12.0,2014,43
Querétaro,9,100,294.0,,8.0,4.0,,2.0,2.0,2014,43
Quintana Roo -,68,285,,28.0,26.0,,5.0,14.0,,2014,43
San Luis Potosí,39,421,1.0,410.0,,14.0,31.0,1.0,9.0,2014,43
Tabasco,13,213,777.0,,45.0,18.0,,3.0,8.0,2014,43
Tamaulipas,59,553,1960.0,11.0,178.0,153.0,2.0,36.0,57.0,2014,43
Veracruz,67,4811972,3.0,108.0,89.0,2.0,22.0,49.0,,2014,43
Yucatán,16,232,910.0,,67.0,45.0,,20.0,33.0,2014,43
Zacatecas,18,193,629.0,2.0,16.0,4.0,,,2.0,2014,43
TOTAL,1527,12867,44346.0,77.0,2390.0,2134.0,52.0,638.0,936.0,2014,43
Aguascalientes,31,195,504.0,1.0,4.0,8.0,,2.0,4.0,2014,44
Campeche,27,146,414.0,1.0,5.0,7.0,,8.0,12.0,2014,44
Chihuahua,135,886,3023.0,1.0,118.0,152.0,4.0,43.0,67.0,2014,44
Distrito Federal,297,30058130,1.0,77.0,92.0,,38.0,51.0,,2014,44
Guerrero,4,105,418.0,2.0,102.0,64.0,,13.0,16.0,2014,44
Jalisco,109,7702400,5.0,106.0,102.0,,24.0,38.0,,2014,44
México,104,10824107,6.0,276.0,225.0,1.0,70.0,69.0,,2014,44
Michoacán,29,447,1705.0,2.0,112.0,80.0,2.0,43.0,28.0,2014,44
Morelos,47,308,1.0,426.0,,48.0,31.0,,5.0,2014,44
Nayarit,39,295,972.0,2.0,50.0,40.0,2.0,25.0,43.0,2014,44
Nuevo León,64,5892138,6.0,157.0,157.0,5.0,79.0,95.0,,2014,44
Oaxaca,22,229,797.0,4.0,84.0,56.0,,11.0,12.0,2014,44
Querétaro,15,103,306.0,,8.0,4.0,,2.0,2.0,2014,44
Quintana Roo,3,69,287.0,,28.0,26.0,,5.0,14.0,2014,44
San Luis Potosí,64,432,1.0,463.0,,14.0,31.0,,9.0,2014,44
Tabasco,32,216,806.0,,45.0,18.0,,3.0,8.0,2014,44
Tamaulipas,60,570,2008.0,8.0,180.0,159.0,,36.0,57.0,2014,44
Veracruz,39,4912001,5.0,110.0,92.0,1.0,23.0,49.0,,2014,44
Yucatán,5,232,915.0,,67.0,45.0,,20.0,33.0,2014,44
Zacatecas,19,196,645.0,,16.0,4.0,,,2.0,2014,44
TOTAL,1566,13245,45671.0,80.0,2427.0,2188.0,24.0,650.0,949.0,2014,44
Aguascalientes,47,211,540.0,,4.0,8.0,,2.0,4.0,2014,45
Campeche,13,148,425.0,1.0,6.0,7.0,,8.0,12.0,2014,45
Chihuahua,137,917,3129.0,3.0,118.0,155.0,2.0,44.0,68.0,2014,45
Distrito Federal,247,30678315,6.0,81.0,94.0,2.0,38.0,53.0,,2014,45
Guerrero,15,111,427.0,2.0,103.0,65.0,,13.0,16.0,2014,45
Jalisco,79,7932457,4.0,108.0,104.0,3.0,26.0,39.0,,2014,45
México,87,11044172,7.0,280.0,228.0,2.0,70.0,71.0,,2014,45
Michoacán,52,460,1748.0,2.0,114.0,80.0,,43.0,28.0,2014,45
Morelos,33,315,1.0,452.0,,48.0,31.0,,5.0,2014,45
Nayarit,53,3131007,6.0,52.0,44.0,3.0,26.0,45.0,,2014,45
Nuevo León,59,6132182,5.0,158.0,161.0,4.0,80.0,98.0,,2014,45
Oaxaca,26,235,817.0,6.0,90.0,56.0,,11.0,12.0,2014,45
Querétaro,6,105,310.0,,8.0,4.0,,2.0,2.0,2014,45
Quintana Roo -,69,287,,28.0,26.0,,5.0,14.0,,2014,45
San Luis Potosí,43,439,1.0,499.0,,14.0,31.0,1.0,9.0,2014,45
Tabasco,14,218,818.0,,45.0,18.0,,3.0,8.0,2014,45
Tamaulipas,64,586,2056.0,6.0,185.0,160.0,2.0,38.0,57.0,2014,45
Veracruz,39,4992033,1.0,111.0,92.0,,23.0,50.0,,2014,45
Yucatán,26,237,936.0,,67.0,45.0,,20.0,33.0,2014,45
Zacatecas,24,202,663.0,1.0,17.0,4.0,,,2.0,2014,45
TOTAL,1385,13585,46749.0,82.0,2478.0,2219.0,25.0,658.0,967.0,2014,45
Aguascalientes,33,224,560.0,2.0,4.0,10.0,1.0,3.0,4.0,2014,46
Campeche,14,153,434.0,1.0,6.0,8.0,,8.0,12.0,2014,46
Chihuahua,79,931,3.0,199.0,,118.0,155.0,3.0,45.0,2014,46
Distrito Federal,252,31298509,10.0,86.0,99.0,,38.0,53.0,,2014,46
Guerrero,11,112,437.0,1.0,103.0,66.0,,13.0,16.0,2014,46
Jalisco,107,8212536,9.0,113.0,108.0,1.0,27.0,39.0,,2014,46
México,132,11224288,13.0,287.0,234.0,1.0,71.0,71.0,,2014,46
Michoacán,36,466,1778.0,4.0,116.0,82.0,,43.0,28.0,2014,46
Morelos,31,319,1.0,479.0,,48.0,31.0,,5.0,2014,46
Nayarit,25,3171028,3.0,54.0,45.0,1.0,26.0,46.0,,2014,46
Nuevo León,51,6282218,8.0,160.0,167.0,2.0,81.0,99.0,,2014,46
Oaxaca,25,240,837.0,1.0,91.0,56.0,,11.0,12.0,2014,46
Querétaro,12,108,319.0,,8.0,4.0,,2.0,2.0,2014,46
Quintana Roo,1,69,288.0,,28.0,26.0,,5.0,14.0,2014,46
San Luis Potosí,66,451,1.0,553.0,,14.0,31.0,,9.0,2014,46
Tabasco,19,219,836.0,1.0,46.0,18.0,,3.0,8.0,2014,46
Tamaulipas,33,595,2080.0,4.0,186.0,163.0,3.0,38.0,60.0,2014,46
Veracruz,86,5272091,2.0,113.0,92.0,1.0,23.0,51.0,,2014,46
Yucatán,15,239,949.0,,67.0,45.0,,20.0,33.0,2014,46
Zacatecas,6,202,669.0,2.0,18.0,5.0,,,2.0,2014,46
TOTAL,1384,13906,47848.0,84.0,2520.0,2261.0,24.0,669.0,980.0,2014,46
Aguascalientes,34,233,600.0,,4.0,10.0,,3.0,4.0,2014,47
Baja California,61,322,1292.0,6.0,72.0,88.0,5.0,22.0,56.0,2014,47
Baja California Sur,11,151,515.0,,23.0,14.0,,5.0,6.0,2014,47
Campeche,22,157,452.0,4.0,8.0,10.0,,8.0,12.0,2014,47
Coahuila,26,362,1386.0,7.0,138.0,144.0,4.0,27.0,54.0,2014,47
Colima,12,165,598.0,,48.0,57.0,2.0,4.0,12.0,2014,47
Chiapas,18,190,1001.0,3.0,102.0,63.0,3.0,20.0,25.0,2014,47
Chihuahua,96,960,3.0,266.0,,118.0,155.0,2.0,45.0,2014,47
Distrito Federal,215,3174,8679.0,4.0,87.0,102.0,1.0,39.0,53.0,2014,47
Durango,46,417,1.0,524.0,,43.0,38.0,,6.0,2014,47
Guanajuato,5,95,365.0,1.0,12.0,15.0,2.0,1.0,3.0,2014,47
Guerrero,21,114,456.0,5.0,104.0,70.0,,13.0,16.0,2014,47
Hidalgo,25,272,1168.0,6.0,86.0,92.0,,7.0,13.0,2014,47
Jalisco,78,847,2591.0,3.0,114.0,110.0,5.0,28.0,43.0,2014,47
México,108,1145,4373.0,7.0,292.0,236.0,1.0,72.0,71.0,2014,47
Michoacán,61,485,1820.0,4.0,120.0,82.0,,43.0,28.0,2014,47
Morelos,80,343,1535.0,3.0,49.0,33.0,,5.0,17.0,2014,47
Nayarit,34,323,1056.0,6.0,57.0,48.0,2.0,27.0,47.0,2014,47
Nuevo León,43,639,2250.0,5.0,163.0,169.0,4.0,84.0,100.0,2014,47
Oaxaca,29,252,868.0,15.0,104.0,59.0,2.0,11.0,14.0,2014,47
Puebla,18,253,903.0,2.0,72.0,66.0,,3.0,11.0,2014,47
Querétaro,10,108,329.0,,8.0,4.0,1.0,3.0,2.0,2014,47
Quintana Roo,5,71,291.0,,28.0,26.0,2.0,5.0,16.0,2014,47
San Luis Potosí,36,461,1579.0,1.0,14.0,32.0,,9.0,15.0,2014,47
Sinaloa,68,440,1775.0,8.0,176.0,177.0,3.0,66.0,99.0,2014,47
Sonora,42,409,1443.0,3.0,84.0,71.0,1.0,45.0,49.0,2014,47
Tabasco,14,221,848.0,1.0,47.0,18.0,,3.0,8.0,2014,47
Tamaulipas,29,605,2103.0,1.0,186.0,164.0,,38.0,60.0,2014,47
Tlaxcala,6,35,122.0,1.0,17.0,12.0,,,2.0,2014,47
Veracruz,71,547,2142.0,2.0,114.0,93.0,,23.0,51.0,2014,47
Yucatán,5,239,954.0,,67.0,45.0,,20.0,33.0,2014,47
Zacatecas,10,204,677.0,2.0,19.0,6.0,1.0,1.0,2.0,2014,47
TOTAL,1339,14239,48961.0,100.0,2576.0,2309.0,41.0,686.0,1005.0,2014,47
Aguascalientes,24,237,620.0,1.0,4.0,11.0,1.0,3.0,5.0,2014,48
Campeche,20,163,466.0,1.0,9.0,10.0,,8.0,12.0,2014,48
Chihuahua,109,998,3337.0,2.0,118.0,157.0,2.0,45.0,74.0,2014,48
Distrito Federal,231,32388861,2.0,88.0,103.0,,39.0,53.0,,2014,48
Guerrero,19,119,470.0,,104.0,70.0,,13.0,16.0,2014,48
Jalisco,87,8742651,10.0,120.0,114.0,1.0,28.0,44.0,,2014,48
México,75,11564437,7.0,298.0,237.0,1.0,73.0,71.0,,2014,48
Michoacán,32,491,1.0,846.0,,120.0,82.0,,43.0,2014,48
Morelos,43,348,1.0,573.0,,49.0,33.0,,5.0,2014,48
Nayarit,28,3341073,3.0,59.0,49.0,1.0,28.0,47.0,,2014,48
Nuevo León,27,6492267,4.0,166.0,170.0,,84.0,100.0,,2014,48
Oaxaca,24,261,883.0,4.0,107.0,60.0,,11.0,14.0,2014,48
Querétaro,7,110,334.0,,8.0,4.0,,3.0,2.0,2014,48
Quintana Roo,9,72,299.0,,28.0,26.0,,5.0,16.0,2014,48
San Luis Potosí,46,468,1618.0,2.0,14.0,34.0,,9.0,15.0,2014,48
Tabasco,17,226,860.0,,47.0,18.0,,3.0,8.0,2014,48
Tamaulipas,34,617,2125.0,7.0,187.0,170.0,3.0,38.0,63.0,2014,48
Veracruz,54,5582185,5.0,117.0,95.0,2.0,25.0,51.0,,2014,48
Yucatán,9,240,962.0,2.0,69.0,45.0,,20.0,33.0,2014,48
Zacatecas,13,209,685.0,,19.0,6.0,,1.0,2.0,2014,48
TOTAL,1172,14538,49855.0,62.0,2609.0,2338.0,17.0,693.0,1015.0,2014,48
Aguascalientes,23,249,638.0,1.0,4.0,12.0,,3.0,5.0,2014,49
Campeche,20,170,479.0,,9.0,10.0,,8.0,12.0,2014,49
Chihuahua,118,1033,3420.0,2.0,118.0,159.0,2.0,45.0,76.0,2014,49
Distrito Federal,241,32929069,4.0,90.0,105.0,,39.0,53.0,,2014,49
Guerrero,15,123,481.0,,104.0,70.0,,13.0,16.0,2014,49
Jalisco,157,9162767,18.0,130.0,122.0,6.0,28.0,50.0,,2014,49
México,93,11714515,6.0,304.0,237.0,2.0,74.0,72.0,,2014,49
Michoacán,54,501,1873.0,2.0,122.0,82.0,,43.0,28.0,2014,49
Morelos,29,3541596,1.0,50.0,33.0,,5.0,17.0,,2014,49
Nayarit,29,3401096,4.0,61.0,51.0,2.0,28.0,49.0,,2014,49
Nuevo León,13,652,2.0,277.0,,166.0,170.0,1.0,84.0,2014,49
Oaxaca,22,266,905.0,6.0,110.0,63.0,,11.0,14.0,2014,49
Querétaro,10,113,341.0,,8.0,4.0,,3.0,2.0,2014,49
Quintana Roo,7,74,304.0,3.0,31.0,26.0,,5.0,16.0,2014,49
San Luis Potosí,34,474,1.0,646.0,,14.0,34.0,1.0,9.0,2014,49
Tabasco,24,228,882.0,,47.0,18.0,,3.0,8.0,2014,49
Tamaulipas,47,636,2153.0,9.0,192.0,174.0,1.0,38.0,64.0,2014,49
Veracruz,65,5672241,1.0,118.0,95.0,1.0,26.0,51.0,,2014,49
Yucatán,8,240,970.0,,69.0,45.0,,20.0,33.0,2014,49
Zacatecas,17,215,696.0,,19.0,6.0,,1.0,2.0,2014,49
TOTAL,1338,14844,50904.0,85.0,2654.0,2378.0,22.0,697.0,1033.0,2014,49
Aguascalientes,17,255,655.0,2.0,5.0,13.0,1.0,3.0,6.0,2014,50
Baja California,16,330,1.0,316.0,,72.0,89.0,,22.0,2014,50
Baja California Sur,17,162,547.0,,23.0,14.0,,5.0,6.0,2014,50
Campeche,14,171,492.0,,9.0,10.0,,8.0,12.0,2014,50
Coahuila,34,374,1460.0,4.0,143.0,152.0,2.0,30.0,61.0,2014,50
Colima,17,176,628.0,3.0,51.0,61.0,,4.0,13.0,2014,50
Chiapas,15,198,1082.0,5.0,105.0,71.0,1.0,21.0,26.0,2014,50
Chihuahua,106,1065,3494.0,2.0,118.0,161.0,6.0,48.0,79.0,2014,50
Distrito Federal,223,3345,9239.0,4.0,91.0,108.0,1.0,39.0,54.0,2014,50
Durango,68,467,1.0,702.0,,45.0,38.0,,7.0,2014,50
Guanajuato,15,105,389.0,,13.0,15.0,,1.0,3.0,2014,50
Guerrero,26,127,503.0,,104.0,70.0,,13.0,16.0,2014,50
Hidalgo,17,298,1247.0,3.0,90.0,96.0,1.0,8.0,14.0,2014,50
Jalisco,178,964,2897.0,11.0,133.0,130.0,6.0,30.0,54.0,2014,50
México,77,1186,4577.0,6.0,307.0,240.0,1.0,75.0,72.0,2014,50
Michoacán,48,510,1912.0,4.0,123.0,85.0,,43.0,28.0,2014,50
Morelos,38,357,1.0,631.0,,50.0,33.0,,5.0,2014,50
Nayarit,21,350,1107.0,1.0,61.0,52.0,1.0,29.0,49.0,2014,50
Nuevo León,12,656,2.0,285.0,,166.0,170.0,,84.0,2014,50
Oaxaca,17,269,920.0,6.0,111.0,68.0,,11.0,14.0,2014,50
Puebla,37,279,973.0,3.0,78.0,69.0,,3.0,11.0,2014,50
Querétaro,12,115,351.0,,8.0,4.0,,3.0,2.0,2014,50
Quintana Roo,6,74,310.0,,31.0,26.0,,5.0,16.0,2014,50
San Luis Potosí,22,476,1666.0,1.0,14.0,35.0,,9.0,16.0,2014,50
Sinaloa,30,456,1.0,839.0,,179.0,181.0,,66.0,2014,50
Sonora,20,425,1.0,493.0,,84.0,71.0,,45.0,2014,50
Tabasco,17,230,897.0,,47.0,18.0,,3.0,8.0,2014,50
Tamaulipas,48,647,2204.0,4.0,197.0,180.0,2.0,41.0,66.0,2014,50
Tlaxcala,5,41,132.0,,17.0,12.0,,,2.0,2014,50
Veracruz,46,582,2272.0,8.0,123.0,98.0,,26.0,51.0,2014,50
Yucatán,11,240,981.0,,69.0,45.0,,20.0,33.0,2014,50
Zacatecas,23,220,714.0,1.0,19.0,7.0,,1.0,2.0,2014,50
TOTAL,1253,15150,51915.0,68.0,2686.0,2422.0,22.0,708.0,1048.0,2014,50
Aguascalientes,25,263,676.0,,5.0,13.0,,3.0,6.0,2014,51
Baja California,16,336,1.0,326.0,,72.0,89.0,,22.0,2014,51
Baja California Sur,9,165,553.0,,23.0,14.0,1.0,5.0,7.0,2014,51
Campeche,11,177,497.0,1.0,10.0,10.0,,8.0,12.0,2014,51
Coahuila,34,386,1483.0,6.0,145.0,156.0,2.0,30.0,63.0,2014,51
Colima,8,177,635.0,1.0,52.0,61.0,,4.0,13.0,2014,51
Chiapas,18,200,1098.0,6.0,111.0,69.0,1.0,21.0,27.0,2014,51
Chihuahua,120,1094,3.0,585.0,,118.0,161.0,3.0,50.0,2014,51
Distrito Federal,190,3394,9380.0,7.0,94.0,112.0,,39.0,54.0,2014,51
Durango,27,471,1725.0,3.0,46.0,40.0,,7.0,11.0,2014,51
Guanajuato,6,105,395.0,,13.0,15.0,,1.0,3.0,2014,51
Guerrero,3,127,506.0,,104.0,70.0,,13.0,16.0,2014,51
Hidalgo,26,306,1265.0,3.0,93.0,96.0,,8.0,14.0,2014,51
Jalisco,103,993,2971.0,4.0,135.0,132.0,2.0,32.0,54.0,2014,51
México,58,1199,4623.0,7.0,311.0,243.0,,75.0,72.0,2014,51
Michoacán,43,524,1941.0,4.0,125.0,87.0,,43.0,28.0,2014,51
Morelos,47,361,1674.0,1.0,50.0,34.0,,5.0,17.0,2014,51
Nayarit,22,360,1.0,119.0,,61.0,52.0,1.0,30.0,2014,51
Nuevo León,15,658,2298.0,1.0,166.0,171.0,,84.0,101.0,2014,51
Oaxaca,17,275,931.0,,111.0,68.0,,11.0,14.0,2014,51
Puebla,34,293,1011.0,2.0,78.0,72.0,,3.0,11.0,2014,51
Querétaro,6,117,355.0,,8.0,4.0,,3.0,2.0,2014,51
Quintana Roo,4,75,313.0,1.0,31.0,27.0,3.0,8.0,16.0,2014,51
San Luis Potosí,33,484,1691.0,3.0,15.0,37.0,,9.0,16.0,2014,51
Sinaloa,17,464,1848.0,1.0,180.0,181.0,,66.0,100.0,2014,51
Sonora,23,430,1.0,511.0,,84.0,71.0,,45.0,2014,51
Tabasco,22,232,917.0,,47.0,18.0,,3.0,8.0,2014,51
Tamaulipas,50,660,2241.0,5.0,200.0,182.0,2.0,42.0,67.0,2014,51
Tlaxcala,1,42,132.0,1.0,17.0,13.0,,,2.0,2014,51
Veracruz,56,586,2324.0,2.0,123.0,100.0,1.0,27.0,51.0,2014,51
Yucatán -,240,981,,69.0,45.0,,20.0,33.0,,2014,51
Zacatecas,8,223,719.0,,19.0,7.0,,1.0,2.0,2014,51
TOTAL,1052,15417,52724.0,59.0,2716.0,2450.0,16.0,718.0,1054.0,2014,51
Aguascalientes,20,269,695.0,,5.0,13.0,,3.0,6.0,2014,52
Baja California,26,337,1351.0,2.0,72.0,91.0,,22.0,56.0,2014,52
Baja California Sur,14,169,563.0,,23.0,14.0,,5.0,7.0,2014,52
Campeche,15,181,508.0,,10.0,10.0,,8.0,12.0,2014,52
Coahuila,34,391,1512.0,4.0,148.0,157.0,1.0,30.0,64.0,2014,52
Colima,12,179,645.0,2.0,52.0,63.0,1.0,4.0,14.0,2014,52
Chiapas,107,212,1193.0,3.0,113.0,70.0,,21.0,27.0,2014,52
Chihuahua,33,1099,3.0,613.0,,118.0,161.0,,50.0,2014,52
Distrito Federal,156,3440,9490.0,1.0,95.0,112.0,,39.0,54.0,2014,52
Durango,48,479,1765.0,3.0,48.0,41.0,,7.0,11.0,2014,52
Guanajuato,11,106,405.0,4.0,15.0,17.0,,1.0,3.0,2014,52
Guerrero,1,127,507.0,,104.0,70.0,,13.0,16.0,2014,52
Hidalgo,20,310,1281.0,1.0,93.0,97.0,,8.0,14.0,2014,52
Jalisco,45,1007,3002.0,4.0,138.0,133.0,,32.0,54.0,2014,52
México,79,1217,4684.0,5.0,315.0,244.0,2.0,77.0,72.0,2014,52
Michoacán,35,535,1.0,965.0,,125.0,87.0,,43.0,2014,52
Morelos,29,364,1.0,700.0,,50.0,34.0,,5.0,2014,52
Nayarit,13,361,1131.0,2.0,62.0,53.0,1.0,30.0,50.0,2014,52
Nuevo León,20,660,2316.0,4.0,168.0,173.0,,84.0,101.0,2014,52
Oaxaca,14,275,945.0,,111.0,68.0,1.0,11.0,15.0,2014,52
Puebla,30,300,1043.0,2.0,78.0,76.0,,3.0,11.0,2014,52
Querétaro,2,117,357.0,,8.0,4.0,,3.0,2.0,2014,52
Quintana Roo,3,75,316.0,1.0,32.0,27.0,1.0,8.0,17.0,2014,52
San Luis Potosí,40,487,1728.0,4.0,15.0,41.0,,9.0,16.0,2014,52
Sinaloa,21,473,1862.0,4.0,181.0,184.0,,66.0,100.0,2014,52
Sonora,9,432,1.0,520.0,,84.0,71.0,,45.0,2014,52
Tabasco,25,236,938.0,,47.0,18.0,,3.0,8.0,2014,52
Tamaulipas,62,685,2278.0,4.0,202.0,184.0,4.0,43.0,70.0,2014,52
Tlaxcala,3,42,135.0,1.0,17.0,14.0,,,2.0,2014,52
Veracruz,49,611,2374.0,4.0,129.0,102.0,2.0,29.0,54.0,2014,52
Yucatán,11,242,990.0,,69.0,45.0,,20.0,33.0,2014,52
Zacatecas,12,226,728.0,,19.0,7.0,,1.0,2.0,2014,52
TOTAL,999,15644,53540.0,55.0,2746.0,2481.0,13.0,723.0,1065.0,2014,52
Aguascalientes,12,274,716.0,,5.0,13.0,1.0,3.0,7.0,2014,53
Baja California,1,337,1352.0,1.0,73.0,91.0,,22.0,56.0,2014,53
Baja California Sur,2,170,564.0,,23.0,14.0,,5.0,7.0,2014,53
Campeche,5,182,512.0,1.0,10.0,11.0,,8.0,12.0,2014,53
Coahuila,22,398,1527.0,3.0,150.0,158.0,,30.0,64.0,2014,53
Colima,7,182,649.0,3.0,52.0,66.0,,4.0,14.0,2014,53
Chiapas,8,213,1200.0,2.0,115.0,70.0,,21.0,27.0,2014,53
Chihuahua,56,1142,3.0,664.0,,118.0,161.0,4.0,53.0,2014,53
Distrito Federal,106,3474,9576.0,3.0,97.0,113.0,1.0,40.0,54.0,2014,53
Durango,44,491,1.0,797.0,,48.0,41.0,,7.0,2014,53
Guanajuato,5,107,409.0,1.0,16.0,17.0,,1.0,3.0,2014,53
Guerrero -,127,507,,104.0,70.0,,13.0,16.0,,2014,53
Hidalgo,4,311,1284.0,1.0,93.0,98.0,,8.0,14.0,2014,53
Jalisco,23,1013,3019.0,1.0,139.0,133.0,,32.0,54.0,2014,53
México,46,1226,4722.0,6.0,318.0,247.0,1.0,77.0,73.0,2014,53
Michoacán,14,540,1974.0,1.0,125.0,88.0,,43.0,28.0,2014,53
Morelos,13,364,1.0,713.0,,50.0,34.0,,5.0,2014,53
Nayarit,12,366,1138.0,1.0,63.0,53.0,1.0,30.0,51.0,2014,53
Nuevo León,6,661,2319.0,1.0,168.0,174.0,,84.0,101.0,2014,53
Oaxaca,10,279,951.0,1.0,111.0,69.0,,11.0,15.0,2014,53
Puebla,18,304,1057.0,3.0,79.0,78.0,,3.0,11.0,2014,53
Querétaro,1,118,357.0,,8.0,4.0,1.0,3.0,3.0,2014,53
Quintana Roo,3,77,317.0,1.0,32.0,28.0,,8.0,17.0,2014,53
San Luis Potosí,7,489,1733.0,1.0,15.0,42.0,,9.0,16.0,2014,53
Sinaloa,9,476,1870.0,1.0,181.0,185.0,,66.0,100.0,2014,53
Sonora,7,433,1.0,526.0,,84.0,71.0,,45.0,2014,53
Tabasco,11,236,949.0,,47.0,18.0,,3.0,8.0,2014,53
Tamaulipas,28,697,2294.0,6.0,203.0,189.0,,43.0,70.0,2014,53
Tlaxcala,4,43,138.0,,17.0,14.0,,,2.0,2014,53
Veracruz,50,616,2419.0,4.0,132.0,103.0,5.0,31.0,57.0,2014,53
Yucatán,3,242,993.0,2.0,71.0,45.0,,20.0,33.0,2014,53
Zacatecas,2,227,729.0,,19.0,7.0,,1.0,2.0,2014,53
TOTAL,539,15815,53975.0,44.0,2766.0,2505.0,14.0,729.0,1073.0,2014,53
